abels bay; abels_bay
acacia hills; acacia_hills
acton park; acton_park
acton park; acton_park
ad valorem; ad_valorem
adams estate; adams_estate
adelaide lead; adelaide_lead
adelaide river; adelaide_river
adventure bay; adventure_bay
agnes banks; agnes_banks
air force; air_force
aire valley; aire_valley
aireys inlet; aireys_inlet
alberton west; alberton_west
aldinga beach; aldinga_beach
alice springs; alice_springs
alice springs; alice_springs
allambee reserve; allambee_reserve
allambee south; allambee_south
allans flat; allans_flat
allendale east; allendale_east
allens rivulet; allens_rivulet
american river; american_river
angle vale; angle_vale
anglers rest; anglers_rest
anna bay; anna_bay
ansons bay; ansons_bay
antill ponds; antill_ponds
apollo bay; apollo_bay
apollo bay; apollo_bay
appin park; appin_park
appin south; appin_south
arcadia south; arcadia_south
archdale junction; archdale_junction
archies creek; archies_creek
ariah park; ariah_park
arno bay; arno_bay
arnold west; arnold_west
arthur river; arthur_river
arthur river; arthur_river
arthurs lake; arthurs_lake
austins ferry; austins_ferry
australian capital territory; australian_capital_territory
australian federal police; australian_federal_police
australian national university; australian_national_university
australian taxation office; australian_taxation_office
avenue range; avenue_range
avoca beach; avoca_beach
avon plains; avon_plains
axe creek; axe_creek
bacchus marsh; bacchus_marsh
badger head; badger_head
bael bael; bael_bael
bagot well; bagot_well
bagshot north; bagshot_north
baird bay; baird_bay
bakers beach; bakers_beach
bakers hill; bakers_hill
bakery hill; bakery_hill
bald hills; bald_hills
ballarat central; ballarat_central
ballarat east; ballarat_east
ballarat north; ballarat_north
balliang east; balliang_east
bamawm extension; bamawm_extension
banksia peninsula; banksia_peninsula
baringhup west; baringhup_west
barkers creek; barkers_creek
barnawartha north; barnawartha_north
barnes bay; barnes_bay
barongarook west; barongarook_west
barraport west; barraport_west
barrow creek; barrow_creek
barrys reef; barrys_reef
barunah park; barunah_park
barwon downs; barwon_downs
barwon heads; barwon_heads
batemans bay; batemans_bay
battery point; battery_point
baw baw village; baw_baw_village
baw baw; baw_baw
baynton east; baynton_east
bears lagoon; bears_lagoon
beauty point; beauty_point
beazleys bridge; beazleys_bridge
beech forest; beech_forest
bell bay; bell_bay
bell park; bell_park
bell post hill; bell_post_hill
bellbird creek; bellbird_creek
bells beach; bells_beach
bemm river; bemm_river
ben lomond; ben_lomond
bendigo east; bendigo_east
bendigo north; bendigo_north
bendigo west; bendigo_west
berkeley vale; berkeley_vale
berrys creek; berrys_creek
bet bet; bet_bet
bete bolong north; bete_bolong_north
bete bolong; bete_bolong
big bell; big_bell
big desert; big_desert
big hill; big_hill
binalong bay; binalong_bay
bindi bindi; bindi_bindi
bingo munjie; bingo_munjie
birchip west; birchip_west
birchs bay; birchs_bay
black hill; black_hill
black hill; black_hill
black hills; black_hills
black point; black_point
black range; black_range
black river; black_river
blackmans bay; blackmans_bay
blackstone heights; blackstone_heights
blackwood creek; blackwood_creek
blanche harbor; blanche_harbor
blue rocks; blue_rocks
bo peep; bo_peep
boat harbour beach; boat_harbour_beach
boat harbour; boat_harbour
boho south; boho_south
bona vista; bona_vista
bonnells bay; bonnells_bay
bonnet hill; bonnet_hill
bonnie doon; bonnie_doon
bonnie rock; bonnie_rock
bonnie vale; bonnie_vale
boolarra south; boolarra_south
boole poole; boole_poole
booleroo centre; booleroo_centre
boomer bay; boomer_bay
boorhaman east; boorhaman_east
boorhaman north; boorhaman_north
border village; border_village
bornes hill; bornes_hill
bostock creek; bostock_creek
boundary bend; boundary_bend
bow bridge; bow_bridge
boweya north; boweya_north
bowmans forest; bowmans_forest
boxwood hill; boxwood_hill
boyup brook; boyup_brook
bradys lake; bradys_lake
brandy creek; brandy_creek
bray park; bray_park
breakaway creek; breakaway_creek
bream creek; bream_creek
bremer bay; bremer_bay
bridge creek; bridge_creek
bridgewater north; bridgewater_north
bridgewater on loddon; bridgewater_on_loddon
brit brit; brit_brit
british empire; british_empire
brittons swamp; brittons_swamp
broad arrow; broad_arrow
brodribb river; brodribb_river
broken creek; broken_creek
bronte park; bronte_park
brooks bay; brooks_bay
brown hill; brown_hill
browns plains; browns_plains
bruce rock; bruce_rock
brunswick heads; brunswick_heads
brunswick junction; brunswick_junction
buchan south; buchan_south
buckley swamp; buckley_swamp
budgee budgee; budgee_budgee
budgerum east; budgerum_east
buffalo river; buffalo_river
bullarto south; bullarto_south
buln buln east; buln_buln_east
buln buln; buln_buln
bung bong; bung_bong
bungeet west; bungeet_west
bunkers hill; bunkers_hill
burkes bridge; burkes_bridge
burkes flat; burkes_flat
burns creek; burns_creek
burramine south; burramine_south
bushy park; bushy_park
bushy park; bushy_park
butchers ridge; butchers_ridge
butlers gorge; butlers_gorge
byaduk north; byaduk_north
cabbage tree creek; cabbage_tree_creek
cabbage tree; cabbage_tree
california gully; california_gully
callignee north; callignee_north
callignee south; callignee_south
calperum station; calperum_station
cambrian hill; cambrian_hill
campbell town; campbell_town
campbells bridge; campbells_bridge
campbells creek; campbells_creek
campbells forest; campbells_forest
canary island; canary_island
cann river; cann_river
cape barren island; cape_barren_island
cape bridgewater; cape_bridgewater
cape burney; cape_burney
cape clear; cape_clear
cape conran; cape_conran
cape jervis; cape_jervis
cape otway; cape_otway
cape paterson; cape_paterson
cape pillar; cape_pillar
cape portland; cape_portland
cape raoul; cape_raoul
cape verde; cape_verde
cape woolamai; cape_woolamai
capels crossing; capels_crossing
captains flat; captains_flat
carag carag; carag_carag
carapooee west; carapooee_west
carbunup river; carbunup_river
cardigan village; cardigan_village
carlisle river; carlisle_river
carlton river; carlton_river
carpenter rocks; carpenter_rocks
carrajung lower; carrajung_lower
carrajung south; carrajung_south
castle creek; castle_creek
castle donnington; castle_donnington
castle forbes bay; castle_forbes_bay
cathay pacific; cathay_pacific
central plateau; central_plateau
chain of lagoons; chain_of_lagoons
chandlers creek; chandlers_creek
chapel flat; chapel_flat
chapple vale; chapple_vale
charlotte cove; charlotte_cove
chasm creek; chasm_creek
cherry gardens; cherry_gardens
cheshunt south; cheshunt_south
chesney vale; chesney_vale
chewton bushlands; chewton_bushlands
child care; child_care
chiltern valley; chiltern_valley
christmas hills; christmas_hills
churchill island; churchill_island
clarence point; clarence_point
clarence town; clarence_town
clarendon vale; clarendon_vale
clarkes hill; clarkes_hill
claude road; claude_road
clayton bay; clayton_bay
clear lake; clear_lake
clifton beach; clifton_beach
clifton creek; clifton_creek
clifton springs; clifton_springs
clover flat; clover_flat
club terrace; club_terrace
cobram east; cobram_east
cochranes creek; cochranes_creek
cockatoo valley; cockatoo_valley
coffin bay; coffin_bay
coghills creek; coghills_creek
colac colac; colac_colac
colac east; colac_east
colac west; colac_west
cold war; cold_war
coles bay; coles_bay
commissariat point; commissariat_point
commonwealth bank; commonwealth_bank
commonwealth statistician; commonwealth_statistician
connellys marsh; connellys_marsh
coober pedy; coober_pedy
cook islands; cook_islands
cooke plains; cooke_plains
coonooer bridge; coonooer_bridge
coonooer west; coonooer_west
coopers creek; coopers_creek
cope cope; cope_cope
corack east; corack_east
coral bank; coral_bank
coral bay; coral_bay
corny point; corny_point
coronet bay; coronet_bay
cosgrove south; cosgrove_south
costa rica; costa_rica
couta rocks; couta_rocks
cowleys creek; cowleys_creek
cowrie point; cowrie_point
cradle mountain; cradle_mountain
cramps bay; cramps_bay
crayfish creek; crayfish_creek
creek junction; creek_junction
creightons creek; creightons_creek
crescent head; crescent_head
creswick north; creswick_north
crooked river; crooked_river
cross roads; cross_roads
crows nest; crows_nest
croxton east; croxton_east
crystal brook; crystal_brook
cudlee creek; cudlee_creek
cundare north; cundare_north
curdie vale; curdie_vale
curdies river; curdies_river
currency creek; currency_creek
dadswells bridge; dadswells_bridge
daily telegraph; daily_telegraph
dairy plains; dairy_plains
daisy hill; daisy_hill
dales creek; dales_creek
daltons bridge; daltons_bridge
daly waters; daly_waters
darby river; darby_river
darke peak; darke_peak
darraweit guim; darraweit_guim
day dawn; day_dawn
deans marsh; deans_marsh
deddick valley; deddick_valley
deep bay; deep_bay
deep lead; deep_lead
defence force; defence_force
delegate river; delegate_river
denicull creek; denicull_creek
dennes point; dennes_point
deputy leader; deputy_leader
derwent bridge; derwent_bridge
derwent park; derwent_park
devils river; devils_river
devon hills; devon_hills
devon north; devon_north
diamond hill; diamond_hill
dinner plain; dinner_plain
dockers plains; dockers_plains
doctors flat; doctors_flat
doctors point; doctors_point
doctors rocks; doctors_rocks
dodges ferry; dodges_ferry
dolphin sands; dolphin_sands
donnelly river; donnelly_river
dookie college; dookie_college
double bridges; double_bridges
douglas river; douglas_river
dowsing point; dowsing_point
dreeite south; dreeite_south
drik drik; drik_drik
drouin east; drouin_east
drouin south; drouin_south
drouin west; drouin_west
drummond cove; drummond_cove
drummond north; drummond_north
dry diggings; dry_diggings
dudley south; dudley_south
dumbalk north; dumbalk_north
durham lead; durham_lead
durham ox; durham_ox
dutson downs; dutson_downs
dutton way; dutton_way
eagle point; eagle_point
eaglehawk neck; eaglehawk_neck
eaglehawk north; eaglehawk_north
east bairnsdale; east_bairnsdale
east cam; east_cam
east devonport; east_devonport
east geelong; east_geelong
east launceston; east_launceston
east ridgley; east_ridgley
east timor; east_timor
eastern view; eastern_view
echuca village; echuca_village
echuca west; echuca_west
ecklin south; ecklin_south
eden valley; eden_valley
edgcumbe beach; edgcumbe_beach
edi upper; edi_upper
edith creek; edith_creek
egg lagoon; egg_lagoon
eggs and bacon bay; eggs_and_bacon_bay
el salvador; el_salvador
elevated plains; elevated_plains
elingamite north; elingamite_north
elizabeth town; elizabeth_town
emu creek; emu_creek
emu heights; emu_heights
emu park; emu_park
emu plains; emu_plains
encounter bay; encounter_bay
ensay north; ensay_north
epping forest; epping_forest
equatorial guinea; equatorial_guinea
european union; european_union
evans head; evans_head
everton upper; everton_upper
fairy dell; fairy_dell
falls creek; falls_creek
false bay; false_bay
farrell flat; farrell_flat
fentons creek; fentons_creek
fern hill; fern_hill
fern tree; fern_tree
fiery flat; fiery_flat
fingal head; fingal_head
first world war; world_war_I
fish creek; fish_creek
fish point; fish_point
fitzroy crossing; fitzroy_crossing
flaggy creek; flaggy_creek
flamingo beach; flamingo_beach
flora hill; flora_hill
flowery gully; flowery_gully
flynns creek; flynns_creek
foreign affairs; foreign_affairs
forge creek; forge_creek
foster north; foster_north
foul bay; foul_bay
four mile creek; four_mile_creek
fowlers bay; fowlers_bay
framlingham east; framlingham_east
freshwater creek; freshwater_creek
friendly beaches; friendly_beaches
fringe benefits; fringe_benefits
fumina south; fumina_south
fyans creek; fyans_creek
gaffneys creek; gaffneys_creek
garden island creek; garden_island_creek
gardners bay; gardners_bay
gascoyne junction; gascoyne_junction
gateway island; gateway_island
geelong west; geelong_west
geilston bay; geilston_bay
gellibrand lower; gellibrand_lower
general assembly; general_assembly
gentle annie; gentle_annie
george town; george_town
georges creek; georges_creek
gerang gerung; gerang_gerung
ghin ghin; ghin_ghin
giffard west; giffard_west
gil gil; gil_gil
giles corner; giles_corner
gillieston heights; gillieston_heights
gipsy point; gipsy_point
girgarre east; girgarre_east
gisborne south; gisborne_south
glaziers bay; glaziers_bay
glen alvie; glen_alvie
glen creek; glen_creek
glen falloch; glen_falloch
glen forbes; glen_forbes
glen huon; glen_huon
glen innes; glen_innes
glen park; glen_park
glen valley; glen_valley
glen wills; glen_wills
glengarry north; glengarry_north
glengarry west; glengarry_west
glenhope east; glenhope_east
glenloth east; glenloth_east
glenormiston north; glenormiston_north
glenormiston south; glenormiston_south
glenrowan west; glenrowan_west
glomar beach; glomar_beach
gol gol; gol_gol
gold coast; gold_coast
golden beach; golden_beach
golden gully; golden_gully
golden point; golden_point
golden square; golden_square
golden valley; golden_valley
gong gong; gong_gong
gonn crossing; gonn_crossing
goon nure; goon_nure
gorae west; gorae_west
goughs bay; goughs_bay
goulburn weir; goulburn_weir
goulds country; goulds_country
governor general; governor_general
gowar east; gowar_east
gowrie park; gowrie_park
grand ridge; grand_ridge
granite flat; granite_flat
granite rock; granite_rock
granville harbour; granville_harbour
grass flat; grass_flat
grass patch; grass_patch
grass valley; grass_valley
grasstree hill; grasstree_hill
gravelly beach; gravelly_beach
grays bridge; grays_bridge
gre gre north; gre_gre_north
gre gre south; gre_gre_south
gre gre; gre_gre
great barrier reef; great_barrier_reef
great bay; great_bay
great britain; great_britain
great western; great_western
green gully; green_gully
green head; green_head
greens beach; greens_beach
greens creek; greens_creek
greenwell point; greenwell_point
greta south; greta_south
greta west; greta_west
grey river; grey_river
grose vale; grose_vale
gunns plains; gunns_plains
guys forest; guys_forest
halls creek; halls_creek
halls gap; halls_gap
hamelin pool; hamelin_pool
hamley bridge; hamley_bridge
hamlyn heights; hamlyn_heights
hanging rock; hanging_rock
happy valley; happy_valley
harcourt north; harcourt_north
harmers haven; harmers_haven
hawks nest; hawks_nest
hawley beach; hawley_beach
hazel park; hazel_park
hazelwood north; hazelwood_north
hazelwood south; hazelwood_south
head of the bight; head_of_the_bight
heath hill; heath_hill
heathcote junction; heathcote_junction
heathcote south; heathcote_south
heddon greta; heddon_greta
hensley park; hensley_park
hepburn springs; hepburn_springs
herdsmans cove; herdsmans_cove
herne hill; herne_hill
hernes oak; hernes_oak
heytesbury lower; heytesbury_lower
high camp; high_camp
high commissioner; high_commissioner
high court; high_court
high court; high_court
high school; high_school
hill end; hill_end
hill river; hill_river
hines hill; hines_hill
hollands landing; hollands_landing
hollow tree; hollow_tree
holt rock; holt_rock
hopetoun park; hopetoun_park
hordern vale; hordern_vale
hotham heights; hotham_heights
howes creek; howes_creek
howitt plains; howitt_plains
howqua hills; howqua_hills
howqua inlet; howqua_inlet
howqua plains; howqua_plains
hume weir; hume_weir
humpty doo; humpty_doo
huntly north; huntly_north
huon creek; huon_creek
icy creek; icy_creek
ida bay; ida_bay
iguana creek; iguana_creek
indented head; indented_head
indigo valley; indigo_valley
inman valley; inman_valley
invergordon south; invergordon_south
invermay park; invermay_park
iron baron; iron_baron
iron knob; iron_knob
irrewillipe east; irrewillipe_east
island beach; island_beach
israelite bay; israelite_bay
ivory coast; ivory_coast
jack river; jack_river
jackass flat; jackass_flat
jackeys marsh; jackeys_marsh
jacob creek; jacob_creek
jam jerrup; jam_jerrup
james well; james_well
jan juc; jan_juc
jancourt east; jancourt_east
jarvis creek; jarvis_creek
jeeralang junction; jeeralang_junction
jeffcott north; jeffcott_north
jervis bay; jervis_bay
jigalong community; jigalong_community
jil jil; jil_jil
joel joel; joel_joel
joel south; joel_south
joyces creek; joyces_creek
jurien bay; jurien_bay
kalimna west; kalimna_west
kamarooka north; kamarooka_north
kangaroo flat; kangaroo_flat
kangaroo lake; kangaroo_lake
kangaroo valley; kangaroo_valley
kardella south; kardella_south
katamatite east; katamatite_east
katandra west; katandra_west
kelvin view; kelvin_view
kennedys creek; kennedys_creek
kennett river; kennett_river
kerang east; kerang_east
kergunyah south; kergunyah_south
ki ki; ki_ki
kialla east; kialla_east
kialla west; kialla_west
kilmore east; kilmore_east
king river; king_river
king valley; king_valley
kinglake central; kinglake_central
kinglake west; kinglake_west
kings meadows; kings_meadows
kingston beach; kingston_beach
kingston se; kingston_se
kirwins bridge; kirwins_bridge
korong vale; korong_vale
korumburra south; korumburra_south
kurraca west; kurraca_west
kurri kurri; kurri_kurri
ky valley; ky_valley
kyabram south; kyabram_south
kyneton south; kyneton_south
la trobe; la_trobe
labor party; labor_party
lady barron; lady_barron
ladys pass; ladys_pass
laen east; laen_east
laen north; laen_north
lake boga; lake_boga
lake bolac; lake_bolac
lake brown; lake_brown
lake bunga; lake_bunga
lake cargelligo; lake_cargelligo
lake charm; lake_charm
lake clifton; lake_clifton
lake condah; lake_condah
lake eildon; lake_eildon
lake fyans; lake_fyans
lake gardens; lake_gardens
lake goldsmith; lake_goldsmith
lake grace; lake_grace
lake hindmarsh; lake_hindmarsh
lake illawarra; lake_illawarra
lake king; lake_king
lake leake; lake_leake
lake lonsdale; lake_lonsdale
lake margaret; lake_margaret
lake marmal; lake_marmal
lake meran; lake_meran
lake mundi; lake_mundi
lake powell; lake_powell
lake rowan; lake_rowan
lake sorell; lake_sorell
lake st clair; lake_st_clair
lake tyers beach; lake_tyers_beach
lake tyers; lake_tyers
lake tyrrell; lake_tyrrell
lake view; lake_view
lake wellington; lake_wellington
lake wendouree; lake_wendouree
lake wongan; lake_wongan
lakes entrance; lakes_entrance
lal lal; lal_lal
lance creek; lance_creek
landsborough west; landsborough_west
lang lang; lang_lang
langdons hill; langdons_hill
langhorne creek; langhorne_creek
langi kal kal; langi_kal_kal
langi logan; langi_logan
lavers hill; lavers_hill
ledge point; ledge_point
legal aid; legal_aid
leigh creek; leigh_creek
leigh creek; leigh_creek
lenah valley; lenah_valley
leonards hill; leonards_hill
leongatha north; leongatha_north
leongatha south; leongatha_south
leslie manor; leslie_manor
leslie vale; leslie_vale
liberal party; liberal_party
licola north; licola_north
light pass; light_pass
lightning ridge; lightning_ridge
lima east; lima_east
lima south; lima_south
lindenow south; lindenow_south
lindsay point; lindsay_point
little desert; little_desert
little grove; little_grove
little hampton; little_hampton
little pine lagoon; little_pine_lagoon
little river; little_river
little swanport; little_swanport
loch sport; loch_sport
loch valley; loch_valley
lockwood south; lockwood_south
loddon vale; loddon_vale
london lakes; london_lakes
long forest; long_forest
long gully; long_gully
long plains; long_plains
long reach; long_reach
longwarry north; longwarry_north
longwood east; longwood_east
louth bay; louth_bay
lovely banks; lovely_banks
low head; low_head
lower barrington; lower_barrington
lower beulah; lower_beulah
lower homebush; lower_homebush
lower king; lower_king
lower light; lower_light
lower longley; lower_longley
lower marshes; lower_marshes
lower moira; lower_moira
lower norton; lower_norton
lower snug; lower_snug
lower turners marsh; lower_turners_marsh
lower wattle grove; lower_wattle_grove
lower wilmot; lower_wilmot
loxton north; loxton_north
loy yang; loy_yang
lune river; lune_river
lurg upper; lurg_upper
macks creek; macks_creek
macorna north; macorna_north
macquarie heads; macquarie_heads
macquarie plains; macquarie_plains
macs cove; macs_cove
maffra west upper; maffra_west_upper
maiden gully; maiden_gully
mailor flat; mailor_flat
main lead; main_lead
major plains; major_plains
mambray creek; mambray_creek
mandurang south; mandurang_south
manifold heights; manifold_heights
manna hill; manna_hill
manns beach; manns_beach
maramingo creek; maramingo_creek
marble bar; marble_bar
marcus hill; marcus_hill
margaret river; margaret_river
maria island; maria_island
marion bay; marion_bay
marion bay; marion_bay
marnoo east; marnoo_east
marnoo west; marnoo_west
marshall islands; marshall_islands
marshall islands; marshall_islands
marvel loch; marvel_loch
mckenzie creek; mckenzie_creek
mckenzie hill; mckenzie_hill
mcloughlins beach; mcloughlins_beach
meadow creek; meadow_creek
medlow bath; medlow_bath
meering west; meering_west
megalong valley; megalong_valley
melton mowbray; melton_mowbray
melville forest; melville_forest
mena park; mena_park
mepunga east; mepunga_east
mepunga west; mepunga_west
merbein south; merbein_south
merbein west; merbein_west
mersey forest; mersey_forest
metcalfe east; metcalfe_east
mia mia; mia_mia
mid valley; mid_valley
middle beach; middle_beach
middle creek; middle_creek
middle east; middle_east
middle tarwin; middle_tarwin
middleback range; middleback_range
midway point; midway_point
miga lake; miga_lake
mil lel; mil_lel
millers bluff; millers_bluff
milnes bridge; milnes_bridge
mincha west; mincha_west
miners rest; miners_rest
mirboo east; mirboo_east
mirboo north; mirboo_north
mirboo south; mirboo_south
mitchell park; mitchell_park
mitchells hill; mitchells_hill
mitta mitta; mitta_mitta
moe south; moe_south
moggs creek; moggs_creek
mole creek; mole_creek
monarto south; monarto_south
mongans bridge; mongans_bridge
monkey mia; monkey_mia
montagu bay; montagu_bay
moonlight flat; moonlight_flat
moorine rock; moorine_rock
moormbool west; moormbool_west
mooroopna north west; mooroopna_north_west
mooroopna north; mooroopna_north
morass bay; morass_bay
morrl morrl; morrl_morrl
morton plains; morton_plains
mount alfred; mount_alfred
mount barker; mount_barker
mount barker; mount_barker
mount beauty; mount_beauty
mount beckworth; mount_beckworth
mount best; mount_best
mount bolton; mount_bolton
mount bruno; mount_bruno
mount bryan; mount_bryan
mount buffalo; mount_buffalo
mount buller; mount_buller
mount burr; mount_burr
mount bute; mount_bute
mount cameron; mount_cameron
mount clear; mount_clear
mount cole creek; mount_cole_creek
mount cole; mount_cole
mount compass; mount_compass
mount direction; mount_direction
mount doran; mount_doran
mount dryden; mount_dryden
mount duneed; mount_duneed
mount eccles south; mount_eccles_south
mount eccles; mount_eccles
mount eckersley; mount_eckersley
mount egerton; mount_egerton
mount emu; mount_emu
mount field; mount_field
mount franklin; mount_franklin
mount gambier; mount_gambier
mount glasgow; mount_glasgow
mount helen; mount_helen
mount hicks; mount_hicks
mount hooghly; mount_hooghly
mount hotham; mount_hotham
mount isa; mount_isa
mount kokeby; mount_kokeby
mount lloyd; mount_lloyd
mount lonarch; mount_lonarch
mount macedon; mount_macedon
mount magnet; mount_magnet
mount major; mount_major
mount mercer; mount_mercer
mount morgan; mount_morgan
mount moriac; mount_moriac
mount napier; mount_napier
mount nelson; mount_nelson
mount pleasant; mount_pleasant
mount pleasant; mount_pleasant
mount prospect; mount_prospect
mount richmond; mount_richmond
mount riverview; mount_riverview
mount roland; mount_roland
mount rowan; mount_rowan
mount rumney; mount_rumney
mount sabine; mount_sabine
mount samson; mount_samson
mount seymour; mount_seymour
mount stuart; mount_stuart
mount talbot; mount_talbot
mount tassie; mount_tassie
mount taylor; mount_taylor
mount torrens; mount_torrens
mount victoria; mount_victoria
mount wallace; mount_wallace
mount william; mount_william
mountain bay; mountain_bay
mountain river; mountain_river
mountain view; mountain_view
muckleford south; muckleford_south
murchison east; murchison_east
murchison north; murchison_north
murphys creek; murphys_creek
murra warra; murra_warra
murrabit west; murrabit_west
murray bridge east; murray_bridge_east
murray bridge south; murray_bridge_south
murray bridge; murray_bridge
murray town; murray_town
musk vale; musk_vale
musselroe bay; musselroe_bay
myers flat; myers_flat
myrtle bank; myrtle_bank
myrtle creek; myrtle_creek
mystic park; mystic_park
nambucca heads; nambucca_heads
nanga brook; nanga_brook
nap nap marra; nap_nap_marra
nariel valley; nariel_valley
naringal east; naringal_east
narrapumelap south; narrapumelap_south
national park; national_park
national park; national_park
national party; national_party
natte yallock; natte_yallock
neds corner; neds_corner
neerim east; neerim_east
neerim junction; neerim_junction
neerim north; neerim_north
neerim south; neerim_south
nelson bay; nelson_bay
nelson bay; nelson_bay
nerrin nerrin; nerrin_nerrin
new england; new_england
new gisborne; new_gisborne
new norcia; new_norcia
new norfolk; new_norfolk
new south wales; new_south_wales
new town; new_town
new well; new_well
new york; new_york
new zealand; new_zealand
new zealand; new_zealand
newlands arm; newlands_arm
newlyn north; newlyn_north
nicholls rivulet; nicholls_rivulet
nichols point; nichols_point
nilma north; nilma_north
nine mile; nine_mile
nirranda east; nirranda_east
nirranda south; nirranda_south
noorat east; noorat_east
noorinbee north; noorinbee_north
north bannister; north_bannister
north blackwood; north_blackwood
north bruny; north_bruny
north dandalup; north_dandalup
north geelong; north_geelong
north hobart; north_hobart
north korea; north_korea
north lilydale; north_lilydale
north motton; north_motton
north richmond; north_richmond
north scottsdale; north_scottsdale
north shore; north_shore
north yunderup; north_yunderup
northern cyprus; northern_cyprus
northern territory; northern_territory
northern territory; northern_territory
norton summit; norton_summit
notley hills; notley_hills
nowa nowa; nowa_nowa
nowhere creek; nowhere_creek
nowhere else; nowhere_else
nug nug; nug_nug
nulla vale; nulla_vale
nullawarre north; nullawarre_north
nyah west; nyah_west
ob flat; ob_flat
ocean beach; ocean_beach
ocean grange; ocean_grange
ocean grove; ocean_grove
ocean vista; ocean_vista
old beach; old_beach
old junee; old_junee
old tallangatta; old_tallangatta
olympic dam; olympic_dam
omeo valley; omeo_valley
opossum bay; opossum_bay
ora banda; ora_banda
original; corrected
osbornes flat; osbornes_flat
overland corner; overland_corner
oxley flats; oxley_flats
oxley vale; oxley_vale
oyster cove; oyster_cove
papua new guinea; papua_new_guinea
papua new guinea; papua_new_guinea
papua new guinea; papua_new_guinea
paradise beach; paradise_beach
park grove; park_grove
pastoria east; pastoria_east
paynes find; paynes_find
peak hill; peak_hill
peak hill; peak_hill
peechelba east; peechelba_east
pental island; pental_island
pentland hills; pentland_hills
perry bridge; perry_bridge
petcheys bay; petcheys_bay
petticoat creek; petticoat_creek
pharmaceutical benefits scheme; pharmaceutical_benefits_scheme
pheasant creek; pheasant_creek
picola west; picola_west
pier milan; pier_milan
pigeon ponds; pigeon_ponds
pine creek; pine_creek
pine grove; pine_grove
pine lodge; pine_lodge
pine mountain; pine_mountain
pine point; pine_point
pine view; pine_view
pinkerton plains; pinkerton_plains
pioneer bay; pioneer_bay
pipers brook; pipers_brook
pipers creek; pipers_creek
pipers river; pipers_river
pirron yallock; pirron_yallock
point boston; point_boston
point lonsdale; point_lonsdale
point lowly; point_lowly
point mcleay; point_mcleay
point pass; point_pass
point pearce; point_pearce
point samson; point_samson
point souttar; point_souttar
point sturt; point_sturt
point turton; point_turton
point wilson; point_wilson
police point; police_point
pomborneit east; pomborneit_east
pomborneit north; pomborneit_north
poowong east; poowong_east
poowong north; poowong_north
porcupine ridge; porcupine_ridge
port adelaide; port_adelaide
port albert; port_albert
port arthur; port_arthur
port arthur; port_arthur
port augusta north; port_augusta_north
port augusta west; port_augusta_west
port augusta; port_augusta
port augusta; port_augusta
port broughton; port_broughton
port campbell; port_campbell
port denison; port_denison
port elliot; port_elliot
port fairy; port_fairy
port flinders; port_flinders
port franklin; port_franklin
port gawler; port_gawler
port germein; port_germein
port gregory; port_gregory
port hedland; port_hedland
port hughes; port_hughes
port huon; port_huon
port julia; port_julia
port kembla; port_kembla
port kennedy; port_kennedy
port kenny; port_kenny
port latta; port_latta
port lincoln; port_lincoln
port macdonnell; port_macdonnell
port macquarie; port_macquarie
port neill; port_neill
port paterson; port_paterson
port pirie south; port_pirie_south
port pirie west; port_pirie_west
port pirie; port_pirie
port sorell; port_sorell
port victoria; port_victoria
port vincent; port_vincent
port wakefield; port_wakefield
port welshpool; port_welshpool
portland north; portland_north
portland west; portland_west
postmaster general; postmaster_general
pound creek; pound_creek
powers creek; powers_creek
powlett plains; powlett_plains
powlett river; powlett_river
preservation bay; preservation_bay
preston beach; preston_beach
primary industries; primary_industries
primary industry; primary_industry
prime minister; prime_minister
primrose sands; primrose_sands
princess royal; princess_royal
privy council; privy_council
promised land; promised_land
proof range; proof_range
prospect vale; prospect_vale
pura pura; pura_pura
purnim west; purnim_west
purrumbete south; purrumbete_south
pyramid hill; pyramid_hill
quamby bend; quamby_bend
quamby brook; quamby_brook
quarry hill; quarry_hill
queens domain; queens_domain
randalls bay; randalls_bay
rankins springs; rankins_springs
rapid bay; rapid_bay
rathscar west; rathscar_west
ravenswood south; ravenswood_south
raymond island; raymond_island
raymond terrace; raymond_terrace
red cliffs; red_cliffs
red hills; red_hills
red lion; red_lion
reedy creek; reedy_creek
reedy dam; reedy_dam
reedy flat; reedy_flat
reedy lake; reedy_lake
reedy marsh; reedy_marsh
reeves plains; reeves_plains
regans ford; regans_ford
remembrance day; remembrance_day
renison bell; renison_bell
renmark south; renmark_south
reserve bank; reserve_bank
reynolds neck; reynolds_neck
rich avon east; rich_avon_east
rich avon west; rich_avon_west
rich avon; rich_avon
richmond plains; richmond_plains
riddells creek; riddells_creek
riggs creek; riggs_creek
risdon park south; risdon_park_south
risdon park; risdon_park
risdon vale; risdon_vale
robertsons beach; robertsons_beach
roches beach; roches_beach
rocky cape; rocky_cape
rocky gully; rocky_gully
rocky hills; rocky_hills
rocky point; rocky_point
roger river; roger_river
rogues point; rogues_point
rokewood junction; rokewood_junction
rosa brook; rosa_brook
rose bay; rose_bay
rose river; rose_river
roses gap; roses_gap
rosny park; rosny_park
ross creek; ross_creek
round hill; round_hill
rowland flat; rowland_flat
roxby downs; roxby_downs
royal commission; royal_commission
royal george; royal_george
running creek; running_creek
rushy lagoon; rushy_lagoon
russells bridge; russells_bridge
saddam hussein; saddam_hussein
sahrawi arab democratic republic; sahrawi_arab_democratic_republic
sailors falls; sailors_falls
sailors gully; sailors_gully
sailors hill; sailors_hill
saint kitts and nevis; saint_kitts_and_nevis
sale east; sale_east
salisbury west; salisbury_west
salmon gums; salmon_gums
saltwater river; saltwater_river
san marino; san_marino
san remo; san_remo
sandhill lake; sandhill_lake
sandhurst east; sandhurst_east
sandy bay; sandy_bay
sandy creek; sandy_creek
sandy creek; sandy_creek
sandy point; sandy_point
saudi arabia; saudi_arabia
savage river; savage_river
sawmill settlement; sawmill_settlement
schouten island; schouten_island
scotchmans lead; scotchmans_lead
scotts creek; scotts_creek
sea elephant; sea_elephant
sea lake; sea_lake
second reading; second_reading
second valley; second_valley
second world war; world_war_II
secret harbour; secret_harbour
secret rocks; secret_rocks
security council; security_council
separation creek; separation_creek
seven hills; seven_hills
seven mile beach; seven_mile_beach
shady creek; shady_creek
shay gap; shay_gap
shays flat; shays_flat
she oaks; she_oaks
shea-oak log; shea-oak_log
sheans creek; sheans_creek
sheep hills; sheep_hills
shepherds flat; shepherds_flat
shepparton east; shepparton_east
shepparton north; shepparton_north
shorewell park; shorewell_park
sierra leone; sierra_leone
simpson desert; simpson_desert
simpsons bay; simpsons_bay
simpsons creek; simpsons_creek
sir samuel; sir_samuel
sisters beach; sisters_beach
sisters creek; sisters_creek
skenes creek north; skenes_creek_north
skenes creek; skenes_creek
skinners flat; skinners_flat
slaty creek; slaty_creek
sloping main; sloping_main
smiths beach; smiths_beach
smokey town; smokey_town
smoky bay; smoky_bay
smythes creek; smythes_creek
snake island; snake_island
snake valley; snake_valley
snowy mountains; snowy_mountains
social security; social_security
soldiers hill; soldiers_hill
sorell creek; sorell_creek
south africa; south_africa
south africa; south_africa
south arm; south_arm
south australia; south_australia
south bruny; south_bruny
south burnie; south_burnie
south forest; south_forest
south geelong; south_geelong
south gundagai; south_gundagai
south hedland; south_hedland
south hobart; south_hobart
south kilkerran; south_kilkerran
south korea ; south_korea_
south kumminin; south_kumminin
south launceston; south_launceston
south mount cameron; south_mount_cameron
south nietta; south_nietta
south ossetia; south_ossetia
south preston; south_preston
south riana; south_riana
south spreyton; south_spreyton
south springfield; south_springfield
south sudan; south_sudan
south west rocks; south_west_rocks
south yunderup; south_yunderup
southern cross; southern_cross
southern cross; southern_cross
southport lagoon; southport_lagoon
soviet union; soviet_union
spargo creek; spargo_creek
spring beach; spring_beach
spring gully; spring_gully
spring hill; spring_hill
squeaking point; squeaking_point
sri lanka; sri_lanka
st albans park; st_albans_park
st arnaud north; st_arnaud_north
st arnaud; st_arnaud
st clair; st_clair
st george; st_george
st germains; st_germains
st helens plains; st_helens_plains
st helens; st_helens
st helens; st_helens
st james; st_james
st leonards; st_leonards
st leonards; st_leonards
st marys; st_marys
staceys bridge; staceys_bridge
staghorn flat; staghorn_flat
standing committee; standing_committee
standing orders; standing_orders
stanhope south; stanhope_south
stanley flat; stanley_flat
stanwell park; stanwell_park
staughton vale; staughton_vale
stenhouse bay; stenhouse_bay
stirling north; stirling_north
stockyard hill; stockyard_hill
stone hut; stone_hut
stone well; stone_well
stony creek; stony_creek
stony head; stony_head
stony rise; stony_rise
strath creek; strath_creek
streaky bay; streaky_bay
stuart mill; stuart_mill
stuart town; stuart_town
sugarloaf creek; sugarloaf_creek
suggan buggan; suggan_buggan
sulphur creek; sulphur_creek
sultana point; sultana_point
sunday creek; sunday_creek
sunderland bay; sunderland_bay
sunset strip; sunset_strip
supreme court; supreme_court
surf beach; surf_beach
surges bay; surges_bay
surprise bay; surprise_bay
surveyors bay; surveyors_bay
sussex inlet; sussex_inlet
sutherlands creek; sutherlands_creek
sutton grange; sutton_grange
swan bay; swan_bay
swan bay; swan_bay
swan hill west; swan_hill_west
swan hill; swan_hill
swan island; swan_island
swan marsh; swan_marsh
swan point; swan_point
swan reach; swan_reach
swan reach; swan_reach
swanwater west; swanwater_west
swifts creek; swifts_creek
sydney morning herald; sydney_morning_herald
table cape; table_cape
tahara bridge; tahara_bridge
tahara west; tahara_west
tailem bend; tailem_bend
tallangatta east; tallangatta_east
tallangatta south; tallangatta_south
tallangatta valley; tallangatta_valley
tambo crossing; tambo_crossing
tambo upper; tambo_upper
tamleugh north; tamleugh_north
tanjil bren; tanjil_bren
tanjil south; tanjil_south
tarra valley; tarra_valley
tarwin lower; tarwin_lower
tatura east; tatura_east
tawonga south; tawonga_south
taylor bay; taylor_bay
taylorville station; taylorville_station
tea gardens; tea_gardens
tea tree; tea_tree
teal point; teal_point
teddywaddy west; teddywaddy_west
telangatuk east; telangatuk_east
telopea downs; telopea_downs
tenby point; tenby_point
tennant creek; tennant_creek
terip terip; terip_terip
terrick terrick east; terrick_terrick_east
terrick terrick; terrick_terrick
tetoora road; tetoora_road
the bahamas; the_bahamas
the cove; the_cove
the gardens; the_gardens
the gurdies; the_gurdies
the heart; the_heart
the honeysuckles; the_honeysuckles
the lakes; the_lakes
the oaks; the_oaks
the rock; the_rock
the sisters; the_sisters
thompson beach; thompson_beach
thorpdale south; thorpdale_south
thowgla valley; thowgla_valley
three hummock island; three_hummock_island
three springs; three_springs
tidal river; tidal_river
tiddy widdy beach; tiddy_widdy_beach
timboon west; timboon_west
timor west; timor_west
tinamba west; tinamba_west
tods corner; tods_corner
tol tol; tol_tol
tolmans hill; tolmans_hill
tom groggin; tom_groggin
tom price; tom_price
tonghi creek; tonghi_creek
toolamba west; toolamba_west
tooms lake; tooms_lake
toora north; toora_north
toorloo arm; toorloo_arm
torres strait; torres_strait
towaninny south; towaninny_south
tower hill; tower_hill
towong upper; towong_upper
trafalgar east; trafalgar_east
trafalgar south; trafalgar_south
traralgon east; traralgon_east
traralgon south; traralgon_south
travellers rest; travellers_rest
traynors lagoon; traynors_lagoon
trentham east; trentham_east
tresco west; tresco_west
trial harbour; trial_harbour
trinidad and tobago; trinidad_and_tobago
tugrah, tasmania; tugrah,_tasmania
tumby bay; tumby_bay
tuntable creek; tuntable_creek
turners beach; turners_beach
turners marsh; turners_marsh
turriff east; turriff_east
turtons creek; turtons_creek
tweed heads; tweed_heads
two wells; two_wells
tylden south; tylden_south
tyntynder south; tyntynder_south
tyrendarra east; tyrendarra_east
tyrrell downs; tyrrell_downs
tysons reef; tysons_reef
ultima east; ultima_east
united kingdom; united_kingdom
united kingdom; united_kingdom
united nations; united_nations
united states; united_states
united states; united_states
upper blessington; upper_blessington
upper burnie; upper_burnie
upper castra; upper_castra
upper esk; upper_esk
upper gundowring; upper_gundowring
upper natone; upper_natone
upper plenty; upper_plenty
upper ryans creek; upper_ryans_creek
upper scamander; upper_scamander
upper stowport; upper_stowport
upper sturt; upper_sturt
upper woodstock; upper_woodstock
upton hill; upton_hill
uruguay round; uruguay_round
useless loop; useless_loop
valencia creek; valencia_creek
valley heights; valley_heights
vatican city; vatican_city
venus bay; venus_bay
venus bay; venus_bay
verona sands; verona_sands
victor harbor; victor_harbor
victoria point; victoria_point
victoria valley; victoria_valley
victoria valley; victoria_valley
violet town; violet_town
vite vite north; vite_vite_north
vite vite; vite_vite
w tree; w_tree
wal wal; wal_wal
walhalla east; walhalla_east
walkerville south; walkerville_south
wallaloo east; wallaloo_east
walls of jerusalem; walls_of_jerusalem
wami kata; wami_kata
wandana heights; wandana_heights
wando bridge; wando_bridge
wando vale; wando_vale
wangaratta east; wangaratta_east
wangaratta north; wangaratta_north
wangaratta south; wangaratta_south
waranga shores; waranga_shores
waratah bay; waratah_bay
warragul south; warragul_south
warragul west; warragul_west
warrell creek; warrell_creek
watchem west; watchem_west
waterford park; waterford_park
wattle bank; wattle_bank
wattle creek; wattle_creek
wattle flat; wattle_flat
wattle grove; wattle_grove
wattle hill; wattle_hill
wattle hill; wattle_hill
waurn ponds; waurn_ponds
webb beach; webb_beach
wedderburn junction; wedderburn_junction
wedge island; wedge_island
wee wee rup; wee_wee_rup
wellington park; wellington_park
welshmans reef; welshmans_reef
wentworth falls; wentworth_falls
wesley vale; wesley_vale
west coast; west_coast
west creek; west_creek
west hobart; west_hobart
west kentish; west_kentish
west launceston; west_launceston
west montagu; west_montagu
west moonah; west_moonah
west pine; west_pine
west ridgley; west_ridgley
west scottsdale; west_scottsdale
west takone; west_takone
west ulverstone; west_ulverstone
west wallsend; west_wallsend
west wyalong; west_wyalong
western australia; western_australia
western australia; western_australia
western australian; western_australian
western creek; western_creek
western junction; western_junction
westmere, victoria; westmere,_victoria
white beach; white_beach
white hills; white_hills
white hills; white_hills
whiteheads creek; whiteheads_creek
whites flat; whites_flat
whorouly east; whorouly_east
whorouly south; whorouly_south
whyalla barson; whyalla_barson
whyalla jenkins; whyalla_jenkins
whyalla norrie; whyalla_norrie
whyalla playford; whyalla_playford
whyalla stuart; whyalla_stuart
whyte yarcowie; whyte_yarcowie
wild dog valley; wild_dog_valley
willaura north; willaura_north
willow grove; willow_grove
willung south; willung_south
wilpena pound; wilpena_pound
wilsons hill; wilsons_hill
wilsons promontory; wilsons_promontory
wimbledon heights; wimbledon_heights
winchelsea south; winchelsea_south
windy harbour; windy_harbour
wingan river; wingan_river
winton north; winton_north
wodonga west; wodonga_west
wombat creek; wombat_creek
won wron; won_wron
wongan hills; wongan_hills
wonthaggi north; wonthaggi_north
wood wood; wood_wood
woodend north; woodend_north
woods point; woods_point
woodside beach; woodside_beach
woodside north; woodside_north
woodstock on loddon; woodstock_on_loddon
woodstock west; woodstock_west
wool bay; wool_bay
wool wool; wool_wool
woolshed flat; woolshed_flat
woorarra east; woorarra_east
woorarra west; woorarra_west
woorinen north; woorinen_north
woorinen south; woorinen_south
wootong vale; wootong_vale
world war i; world_war_I
world war I; world_war_I
world war II; world_war_II
world war ii; world_war_II
wuk wuk; wuk_wuk
wulgulmerang east; wulgulmerang_east
wulgulmerang west; wulgulmerang_west
wy yung; wy_yung
wycheproof south; wycheproof_south
wychitella north; wychitella_north
wye river; wye_river
wyperfield national park; wyperfield_national_park
wyuna east; wyuna_east
yabba north; yabba_north
yabba south; yabba_south
yallourn north; yallourn_north
yallunda flat; yallunda_flat
yandoit hills; yandoit_hills
yarra creek; yarra_creek
yarragon south; yarragon_south
yarrawonga south; yarrawonga_south
yawong hills; yawong_hills
yeungroon east; yeungroon_east
yinnar south; yinnar_south
york plains; york_plains
york plains; york_plains
york town; york_town