original; corrected
Thank you\, Mr DEPUTY SPEAKER; Mr DEPUTY SPEAKER
been dramatically deteriorating\, Mr KEATING; Mr KEATING
speaking to Mr HOWARD; Mr HOWARD
the Leader of the Opposition\, Mr SPEAKER; Mr SPEAKER
Questions to Mr SPEAKER; Mr SPEAKER
ment\, Mr SPEAKER; Mr SPEAKER
of the woods\, Mr DEPUTY SPEAKER; Mr DEPUTY SPEAKER
\" Mr FISHER; Mr FISHER
\" Mr GABB; Mr GABB
\" Mr LATHAM; Mr LATHAM
\" Mr PAGE; Mr PAGE
\" Mr RYAN; Mr RYAN
\"\. Mr YATES; Mr YATES
\"\> Mr SPEAKER; Mr SPEAKER
\' Mr ANTHONY; Mr ANTHONY
\' Mr BLAKELEY; Mr BLAKELEY
\' Mr CHABLTON; Mr CHARLTON
\' Mr CONROY; Mr CONROY
\' Mr GROOM; Mr GROOM
\' Mr HUGHES; Mr HUGHES
\' Mr JOSEPH COOK; Mr JOSEPH COOK
\' Mr MARR; Mr MARR
\' Mr POYXTON; Mr POYXTON
\' Mr RICHARD FOSTER; Mr RICHARD FOSTER
\' Mr WATT; Mr WATT
\' Sir ELLIOT JOHNSON; Sir ELLIOT JOHNSON
\' Sir JOHN QUICK; Sir JOHN QUICK
\( Mr DEPUTY SPEAKER; Mr DEPUTY SPEAKER
\( Mr SPEAKER; Mr SPEAKER
\(New England\) Mr KELLY; Mr KELLY
\, Mr GROOM; Mr GROOM
\, Mr SPEAKER; Mr SPEAKER
\, Sir FREDERICK STEWART; Sir FREDERICK STEWART
\. _ Mr PALMER; Mr PALMER
\. Mr ANTHONY; Mr ANTHONY
\. Mr BELL; Mr BELL
\. Mr CADMAN; Mr CADMAN
\. Mr CLYDE CAMERON; Mr CLYDE CAMERON
\. Mr GREGORY; Mr GREGORY
\. Mr HAWKE; Mr HAWKE
\. Mr KEATING; Mr KEATING
\. Mr MCBRIDE; Mr MCBRIDE
\. Mr MCGRATH; Mr MCGRATH
\. Mr PAGE; Mr PAGE
\. Mr PORDE; Mr FORDE
\. Mr RYAN; Mr RYAN
\. Mr THOMPSON; Mr THOMPSON
\. Mr TUDOR; Mr TUDOR
\. Mr TUENBULL; Mr TURNBULL
\. Sir FREDERICK STEWART; Sir FREDERICK STEWART
\. Sir HENRY GULLETT; Sir HENRY GULLETT
\. Sir JOHN FORREST; Sir JOHN FORREST
\. Sir JOSEPH COOK; Sir JOSEPH COOK
\.\.21 Mr GREENE; Mr GREENE
12 5 Mr BEASLEY; Mr BEASLEY
12\,000 Mr ANTHONY; Mr ANTHONY
13\,000 Mr CUNNINGHAM; Mr CUNNINGHAM
15 Mr BLAKELEY; Mr BLAKELEY
5 Mr WATKINS; Mr WATKINS
84 per Mr ANTHONY; Mr ANTHONY
: Mr WHITE; Mr WHITE
=- Dr JF CAIRNS; Dr JF CAIRNS
=- Mr AUSTIN CHAPMAN; Mr AUSTIN CHAPMAN
=- Mr BLAKELEY; Mr BLAKELEY
=- Mr CHARLTON; Mr CHARLTON
=- Mr DEAKIN; Mr DEAKIN
=- Mr FISHER; Mr FISHER
=- Mr GABB; Mr GABB
=- Mr GLYNN; Mr GLYNN
=- Mr GROOM; Mr GROOM
=- Mr HALL; Mr HALL
=- Mr JOSEPH COOK; Mr JOSEPH COOK
=- Mr KELLY; Mr KELLY
=- Mr LAIRDSMITH; Mr LAIRDSMITH
=- Mr LEWIS; Mr LEWIS
=- Mr OKEEFE; Mr OKEEFE
=- Mr RILEY; Mr RILEY
=- Mr RYAJST; Mr RYAN
=- Mr RYRIE; Mr RYAN
=- Mr SPEAKER; Mr SPEAKER
=- Mr SYDNEY SMITH; Mr SYDNEY SMITH
=- Mr WATT; Mr WATT
=- Sir CHARLES MARR; Sir CHARLES MARR
=- Sir JOSEPH COOK; Sir JOSEPH COOK
^ Mr RYAN; Mr RYAN
a British Mr THOMPSON; Mr THOMPSON
a Mr BRYANT; Mr BRYANT
a Mr CLYDE CAMERON; Mr CLYDE CAMERON
a Mr WENTWORTH; Mr WENTWORTH
A\, privi- Mr FOSTBB; Mr FOSTER
andsour Mr ANTHONY; Mr ANTHONY
any Mr WHAN; Mr WHAN
are Mr HUGHES; Mr HUGHES
As Mr YOUNG; Mr YOUNG
as Trans Mr WENTWORTH; Mr WENTWORTH
ATES\. Mr GROOM; Mr GROOM
been dramatically deteriorating\, Mr KEATING; Mr KEATING
been Mr BRYANT; Mr BRYANT
BILL\. Mr FENTON; Mr FENTON
bis Mr JH CATTS; Mr JH CATTS
blazoning Mr FOSTER; Mr FOSTER
by Mr ANTHONY; Mr ANTHONY
by Mr SCULLIN; Mr SCULLIN
by Mr UREN; Mr UREN
Canberra\, A\.C\.T\. 2600 Mr CHARLES JONES; Mr CHARLES JONES
care about Mr DONALD CAMERON; Mr DONALD CAMERON
certainly a Mr LES JOHNSON; Mr LES JOHNSON
Colonel Mr CONNOLLY; Mr CONNOLLY
Commonwealth Mr JOSEPH COOK; Mr JOSEPH COOK
commumty Mr DEPUTY SPEAKER; Mr DEPUTY SPEAKER
Debate \(on motion by Mr NEI; Mr NEI
December Mr HODGMAN; Mr HODGMAN
delivery Mr MARR; Mr MARR
Dr BLEWETI; Dr BLEWETT
Dr DONALD CAMEBON; Dr DONALD CAMERON
Dr EABLE PAGE; Dr EARLE PAGE
Dr EAELE PAGE; Dr EARLE PAGE
Dr EARLEPAGE; Dr EARLE PAGE
Dr EARXE PAGE; Dr EARLE PAGE
Dr EVAIT; Dr EVATT
Dr LA WRENCE; Dr LAWRENCE
Dr MALONKV; Dr MALONEY
Dr MALOSTBY; Dr MALONEY
Education Mr HODGMAN; Mr HODGMAN
elec Mr ANTHONY; Mr ANTHONY
except the Mr HUGHES; Mr HUGHES
Exemptions\. Sir JOHN FOKEEST; Sir JOHN FORREST
expenditure Mr CREAN; Mr CREAN
Food\. Mr FENTON; Mr FENTON
for that Mr CHARLES JONES; Mr CHARLES JONES
from Mr FOSTER; Mr FOSTER
get wheat The CHAIRMAN; The CHAIRMAN
going to Mr SAINSBURY; Mr SAINSBURY
H e stated Mr FENTON; Mr FENTON
has Mr DUGALD THOMSON; Mr DUGALD THOMSON
He had not Mr RICHARD POSTER; Mr RICHARD POSTER
here in Mr CALWELL; Mr CALWELL
honorable Mr HEOTOR LAMOND; Mr HECTOR LAMOND
honourable mem Mr HODGMAN; Mr HODGMAN
I made it Mr MALCOLM FRASER; Mr MALCOLM FRASER
I Mr CHARLTON; Mr CHARLTON
I Mr GHIFTJEY; Mr CHIFLEY
I Mr WATT; Mr WATT
I n many Mr FLEMING; Mr FLEMING
in Mr GRAHAM; Mr GRAHAM
in Mr GULLETT; Mr GULLETT
in the cost Mr DEPUTY SPEAKER; Mr DEPUTY SPEAKER
increases Mr NIXON; Mr NIXON
is Mr KEATING; Mr KEATING
It Mr BURCHELL; Mr BURCHELL
it was Mr MALCOLM FRASER; Mr MALCOLM FRASER
itself\. Mr CALWELL; Mr CALWELL
kind\, - Sir JOSEPH COOK; Sir JOSEPH COOK
LOUISE J\. SEDDONMr ISAACS; Mr ISAACS
made Mr MALCOLM FRASER; Mr MALCOLM FRASER
may refer to them\, Mr SPEAKER; Mr SPEAKER
measures that we set out in our budget-he is a little excited\, though\, Mr SPEAKER; Mr SPEAKER
medical Mr CRAIG THOMSON; Mr CRAIG THOMSON
ment\, Mr SPEAKER; Mr SPEAKER
more Sir WILLIAMIRVINE; Sir WILLIAM IRVINE
Motion \(by Mr BABTOX; Mr BABTOX
Motion \(by Mr LTOK; Mr LUCK
Mr ABCHDALE PABKHILL; Mr ARCHDALE PARKHILL
Mr ABCHDALE PAEKHILL; Mr ARCHDALE PARKHILL
Mr ABCHDALE PARKHILL; Mr ARCHDALE PARKHILL
Mr ABCHIE CAMEBON; Mr ARCHIE CAMERON
Mr ABCHIE CAMEEON; Mr ARCHIE CAMERON
Mr ABCHIE CAMERON; Mr ARCHIE CAMERON
Mr ABOUDAUS PAUKHIIX; Mr ARCHDALE PARKHILL
Mr ACTJNG SPEAKER; Mr ACTING SPEAKER
Mr ADEBMANN; Mr ADERMANN
Mr ADERMANN; Mr ADERMANN
Mr AECHDALE PAEKHILL; Mr ARCHDALE PARKHILL
Mr AECHDALE PARKHILL; Mr ARCHDALE PARKHILL
Mr AGAR WYNNE; Mr AGAR WYNNE
Mr AGARWYNNE; Mr AGAR WYNNE
Mr AKCHIE CAMEKON; Mr ARCHIE CAMERON
Mr AKCHIE CAMERON; Mr ARCHIE CAMERON
Mr ALLAN ERASER; Mr ALLAN FRASER
Mr ANST EY; Mr ANSTEY
Mr ARCHDAL EPARKHILL; Mr ARCHDALE PARKHILL
Mr ARCHDALE PABKHILL; Mr ARCHDALE PARKHILL
Mr ARCHDALE PAEKHILL; Mr ARCHDALE PARKHILL
Mr ARCHDALK PABKHILL; Mr ARCHDALE PARKHILL
Mr ARCHIE CAMEBON; Mr ARCHIE CAMERON
Mr ARCHIE CAMEKON; Mr ARCHIE CAMERON
Mr ATKINS ON; Mr ATKINSON
Mr AVTLSON; Mr WILSON
Mr BAILLTEU; Mr BAILLIEU
Mr BAKBK; Mr BAKER
Mr BAKEE; Mr BAKER
Mr BAMFOKD; Mr BAMFORD
Mr BBENNAN; Mr BRENNAN
Mr BBUCE; Mr BRUCE
Mr BEASLJIY; Mr BEASLEY
Mr BEAXE; Mr BEALE
Mr\. BI-AIN\.; Mr BLAIN
Mr BILLSON; Mr BILSON
Mr BKUCE; Mr BRUCE
Mr BLAI N; Mr BLAIN
Mr BRAITHW; Mr BRAITHWAITE
Mr BRTJCE; Mr BRUCE
Mr BUBNS; Mr BURNS
Mr BUECHELL; Mr BURCHELL
Mr BUKNS; Mr BURNS
Mr CALWEIX; Mr CALWELL
Mr CASKV; Mr CASH
Mr CHABLTON; Mr CHARLTON
Mr CHAMBEBS; Mr CHAMBERS
Mr CHANE Y; Mr CHANEY
Mr CHIFLET; Mr CHIFLEY
Mr CHIELEY; Mr CHIFLEY
Mr CHIFLEV; Mr CHIFLEY
Mr CHOUGH; Mr PLOUGH
Mr CKOUOH; Mr CROUCH
Mr CLAEK; Mr CLARK
Mr CLJBTIN; Mr CURTIN
Mr CLYDE CAMEEON; Mr CLYDE CAMERON
Mr CLYDE OAMERON; Mr CLYDE CAMERON
Mr CLYDECAMERON; Mr CLYDE CAMERON
Mr COBSER; Mr CORSER
Mr COKSER; Mr CORSER
Mr CORTITT; Mr CORBETT
Mr COW AN; Mr COWAN
Mr CTJRTIN; Mr CURTIN
Mr CUBTIN; Mr CURTIN
Mr CUETIN; Mr CURTIN
Mr CUKTIN; Mr CURTIN
Mr CUNNINGHA M; Mr CUNNINGHAM
Mr CURTIS; Mr CURTIN
Mr DAL Y; Mr DALY
Mr DEAKEFOED; Mr DRAKEFORD
Mr DEAST; Mr DEAN
Mr DEPUTY SPXAXBB; Mr DEPUTY SPEAKER
Mr DEPUTYSPEAKER; Mr DEPUTY SPEAKER
Mr DOWNEB; Mr DOWNER
Mr DTJTHIE; Mr DUTHIE
Mr DUGALDTHOMSON; Mr DUGALD THOMSON
Mr EAILES; Mr FAILES
Mr EENT ON; Mr FENTON
Mr EENTON; Mr FENTON
Mr EIOEDAN; Mr RIORDAN
Mr EJAMES HARRINSON; Mr EJ HARRINSON
Mr EKANCIS; Mr FRANCIS
Mr EOBDE; Mr FORDE
Mr EODGEES; Mr RODGERS
Mr EORDE; Mr FORDE
Mr F ADMEN; Mr FADDEN
Mr FAD DEN; Mr FADDEN
Mr FAIRBAIN; Mr FAIRBAIRN
Mr FALKINEB; Mr FALKINER
Mr FBANCIS; Mr FRANCIS
Mr FEANCIS; Mr FRANCIS
Mr FEN TON; Mr FENTON
Mr FEOST; Mr FROST
Mr FISHEB; Mr FISHER
Mr FISHES; Mr FISHER
Mr FKANCIS; Mr FRANCIS
Mr FOBDE; Mr FORDE
Mr FOEDE; Mr FORDE
Mr FOKDE; Mr FORDE
Mr FOWLEB; Mr FOWLER
Mr FRANOIS; Mr FRANCIS
Mr G-ROOM; Mr GROOM
Mr GABDINEB; Mr GARDINER
Mr GAL WELL; Mr CALWELL
Mr GANDEB; Mr GANDER
Mr GANDEE; Mr GANDER
Mr GBEGOBY; Mr GREGORY
Mr GBOOM; Mr GROOM
Mr GEEGOBY; Mr GREGORY
Mr GEOOM; Mr GROOM
Mr GKEEN; Mr GREEN
Mr GKEENE; Mr GREENE
Mr GKEQOBY; Mr GREGORY
Mr GKOOM; Mr GROOM
Mr GLYN N; Mr GLYNN
Mr GOLLETT; Mr GULLETT
Mr GREENE; Mr MASSYGREENE
Mr GREGOBY; Mr GREGORY
Mr GREGORT; Mr GREGORY
Mr GREOOKY; Mr GREGORY
Mr GTJLLETT; Mr GULLETT
Mr HA YDEN; Mr HAYDEN
Mr HABEISON\.; Mr HARRISON
Mr HABJWSON; Mr HARRISON
Mr HAERIS ON\.; Mr HARRISON
Mr HALLEIT; Mr HALLETT
Mr HANSIRVINE; Mr HANS IRVINE
Mr HARBISON; Mr HARRISON
Mr HASLTJCK; Mr HASLUCK
Mr HATJHISON; Mr HARRISON
Mr HAWKE R; Mr HAWKER
Mr HAWKICK; Mr HAWKER
Mr HECTOB LAMOND; Mr HECTOR LAMOND
Mr HOLLOW AY; Mr HOLLOWAY
Mr HOW ARD; Mr HOWARD
Mr HTJGHES; Mr HUGHES
Mr HUOHES; Mr HUGHES
Mr IFOWLER; Mr FOWLER
Mr JACKSQN; Mr JACKSON
Mr JAMBS; Mr JAMES
Mr JAOKSON; Mr JACKSON
Mr JOHNLAWSON; Mr JOHN LAWSON
Mr JOSEP HCOOK; Mr JOSEPH COOK
Mr JOSEPHCOOK; Mr JOSEPH COOK
Mr JOSEPJ COOK; Mr JOSEPH COOK
Mr KEA TING; Mr KEATING
Mr KELL Y; Mr KELLY
Mr KENTHUGHES; Mr KENT HUGHES
Mr LAIBD SMITH; Mr LAIRD SMITH
Mr LAIBDSMITH; Mr LAIRD SMITH
Mr LAIED SMITH; Mr LAIRD SMITH
Mr LAIRDSMITH; Mr LAIRD SMITH
Mr LANO; Mr LANG
Mr LAZZABINI; Mr LAZZARINI
Mr LAZZAEINI; Mr LAZZARINI
Mr LAZZARINL; Mr LAZZARINI
Mr LEWTS; Mr LEWIS
Mr LONSDAL E; Mr LONSDALE
Mr LUCHEITI; Mr LUCHETTI
Mr MABB; Mr MARR
Mr MABR; Mr MARR
Mr MACKA Y; Mr MACKAY
Mr MAEE; Mr MARR
Mr MAEWICK; Mr MARWICK
Mr MAKE; Mr MARR
Mr MAKWICK; Mr MARWICK
Mr MANNI NG; Mr MANNING
Mr MARK; Mr MARR
Mr MATBJSWS; Mr MATHEWS
Mr MAXWIELL; Mr MAXWELL
Mr MCCAXX; Mr MCCALL
Mr MCDONAXD; Mr MCDONALD
Mr MCGBATH; Mr MCGRATH
Mr MCGEATH; Mr MCGRATH
Mr MCGKATH; Mr MCGRATH
Mr MCWILIIAMS; Mr MCWILLIAMS
Mr MEKTZIES; Mr MENZIES
Mr MOEWEN; Mr MCEWEN
Mr MOUNT JOY; Mr MOUNTJOY
Mr NEISON; Mr NELSON
Mr OOJRSER; Mr CORSER
Mr OORXIN; Mr CURTIN
Mr OSBOBNE; Mr OSBORNE
Mr OUBTOT; Mr CURTIN
Mr OURTIN; Mr CURTIN
Mr P; NA
Mr PABKEB MOLONEY; Mr PARKER MOLONEY
Mr PABKTER MOLONEY; Mr PARKER MOLONEY
Mr PADDEN; Mr FADDEN
Mr PAEKER MALONEY; Mr PARKER MOLONEY
Mr PARKERMOLONEY; Mr PARKER MOLONEY
Mr PATEBSON; Mr PATERSON
Mr PATEESOK; Mr PATERSON
Mr PATEESON; Mr PATERSON
Mr PATEKSON; Mr PATERSON
Mr PBANCTS; Mr FRANCIS
Mr PBOWSE; Mr PROWSE
Mr PEATTEN; Mr PRATTEN
Mr PEATTJEK; Mr PRATTEN
Mr PEBKINS; Mr PERKINS
Mr PEEKINS; Mr PERKINS
Mr PENTON; Mr FENTON
Mr PEOWSE; Mr PROWSE
Mr PICOTT; Mr PIGOTT
Mr PINLAYSON; Mr FINLAYSON
Mr POLLAED; Mr POLLARD
Mr PORDE; Mr FORDE
Mr POSTER; Mr FOSTER
Mr POYXTON; Mr POYNTON
Mr RICHABD FOSTEB; Mr RICHARD FOSTER
Mr RICHABD POSTEB; Mr RICHARD FOSTER
Mr RICHABDFOSTEB; Mr RICHARD FOSTER
Mr RICHAHD FOSTER; Mr RICHARD FOSTER
Mr RICHARD FOSTEB; Mr RICHARD FOSTER
Mr RICHARD POSTER; Mr RICHARD FOSTER
Mr RICHARDFOSTER; Mr RICHARD FOSTER
Mr RILET; Mr RILEY
Mr ROBINSO N; Mr ROBINSON
Mr RODGEBS; Mr RODGERS
Mr ROSEVEAK; Mr ROSEVEAR
Mr ROSEVKAH; Mr ROSEVEAR
Mr SAMPSO N; Mr SAMPSON
Mr SAW FORD; Mr SAWFORD
Mr SCUXLHV; Mr SCULLIN
Mr SEABBOOK; Mr SEABROOK
Mr SEAKKOOK; Mr SEABROOK
Mr SHABPE; Mr SHARPE
Mr SHAEPE; Mr SHARPE
Mr Shorten: Mr SPEAKER; Mr SPEAKER
Mr SINCLAIB; Mr SINCLAIR
Mr SINCLAIK; Mr SINCLAIR
Mr SMBA-KEB; Mr SPEAKER
Mr SMBA; Mr SPEAKER
Mr SOULLIN; Mr SCULLIN
Mr SOUXLHT; Mr SCULLIN
Mr SPEABEB; Mr SPEAKER
Mr SPEAXER; Mr SPEAKER
Mr SPENDEK; Mr SPENDER
Mr STBEET; Mr STREET
Mr STEWABT; Mr STEWART
Mr STEWAKT; Mr STEWART
Mr TDDOR; Mr TUDOR
Mr THEODOKE; Mr THEODORE
Mr TITENBTJLL; Mr TURNBULL
Mr TOWNXEY; Mr TOWNLEY
Mr TTJRNBTJLL; Mr TURNBULL
Mr TUDOB; Mr TUDOR
Mr TUDOE; Mr TUDOR
Mr TUDOK; Mr TUDOR
Mr TUENBULL; Mr TURNBULL
Mr TUKNBULL; Mr TURNBULL
Mr TURNBTJLL; Mr TURNBULL
Mr WAED; Mr WARD
Mr WEBSTEB; Mr WEBSTER
Mr WENTWOETH; Mr WENTWORTH
Mrs DE; Mrs DEANNE KELLY
Ms Henderson: Mr SPEAKER; Mr SPEAKER
My Dr MALONEY; Dr MALONEY
n Mr LYONS; Mr LYONS
NOES Mr BEAZLEY; Mr BEAZLEY
NOES\. Mr BEASLEY; Mr BEASLEY
NOES\. Mr MENZIES; Mr MENZIES
Norfolk Island Mr CONNOLLY; Mr CONNOLLY
num- \. Mr MCWILLIAMS; Mr MCWILLIAMS
of big Mr YOUNG; Mr YOUNG
of dis Mr DEPUTY SPEAKER; Mr DEPUTY SPEAKER
of motion by Sir JOHN FORREST; Sir JOHN FORREST
of Mr HURFORD; Mr HURFORD
of Mr MALCOLM FRASER; Mr MALCOLM FRASER
of Mr SPEAKER; Mr SPEAKER
of the AusDr JF CAIRNS; Dr JF CAIRNS
of the Mr SPEAKER; Mr SPEAKER
of the woods\, Mr DEPUTY SPEAKER; Mr DEPUTY SPEAKER
overwhelm Mr RODGEBS; Mr RODGERS
page 10460\)\, on motion by Mr WAT T; Mr WATT
page 2386\)\, on motion by Mr THOMP; Mr THOMPSON
page 433\)\, on motion by Mr HILI; Mr HILL
PAIRS\. Mr BRUCE; Mr BRUCE
PAIRS\. Mr CUNNINGHAM; Mr CUNNINGHAM
PAPERS\. Mr JOSEPH COOK; Mr JOSEPH COOK
Parliament House\, Mr CLYDE CAMERON; Mr CLYDE CAMERON
per Mr HAYDEN; Mr HAYDEN
per- Mr BURCHELL; Mr BURCHELL
previous Mr SPEAKER; Mr SPEAKER
Questions to Mr SPEAKER; Mr SPEAKER
remarks Mr SAMPSON; Mr SAMPSON
seat Mr DEPUTY SPEAKER; Mr DEPUTY SPEAKER
sector\. Can Mr DEPUTY SPEAKER; Mr DEPUTY SPEAKER
set out a Mr DEPUTY SPEAKER; Mr DEPUTY SPEAKER
Sierra Leone Mr VINER; Mr VINER
Sir ABTHUB EADDEN; Sir ARTHUR FADDEN
Sir AETHTTE PADDEN; Sir ARTHUR FADDEN
Sir AETHUE FADDEN; Sir ARTHUR FADDEN
Sir ARTHTJE FADDEN; Sir ARTHUR FADDEN
Sir ARTHUR EADDEN; Sir ARTHUR FADDEN
Sir CHARLES MAKE; Sir CHARLES MARR
Sir EAELE; Sir EARLE PAGE
Sir ERIC HAEEISON; Sir ERIC HARRISON
Sir FBEDEBICK STEWABT; Sir FREDERICK STEWART
Sir FREDERICK STEWABT; Sir FREDERICK STEWART
Sir HENRY GQLLETT; Sir HENRY GULLETT
Sir HENRYGULLETT; Sir HENRY GULLETT
Sir JOHN FOB-REST; Sir JOHN FORREST
Sir JOHN FORBEST; Sir JOHN FORREST
Sir JOHN POBBEST; Sir JOHN FORREST
Sir JOHN POREBST; Sir JOHN FORREST
Sir JOSEPHCOOK; Sir JOSEPH COOK
Sir JOSEPHOOOK; Sir JOSEPH COOK
Sir NEVILLEHOWSE; Sir NEVILLE HOWSE
Sir ROBEBT BEST; Sir ROBERT BEST
Sir WILLIAMIRVINE; Sir WILLIAM IRVINE
speaking to Mr HOWARD; Mr HOWARD
subject\, we Mr MAUGER; Mr MAUGER
such for Mr VINER; Mr VINER
Thank you\, Mr DEPUTY SPEAKER; Mr DEPUTY SPEAKER
That Mr GBEGOBY; Mr GREGORY
That Mr JAMES; Mr JAMES
that Mr PAGE; Mr PAGE
that Mr RILEY; Mr RILEY
that Oppo Mr DEPUTY SPEAKER; Mr DEPUTY SPEAKER
the ^ Mr LATHAM; Mr LATHAM
The CHAIEMAN; The CHAIRMAN
The CHAIRM AN; The CHAIRMAN
the cost of Mr DONALD CAMERON; Mr DONALD CAMERON
The DEPUTYCHAIEMAN; The DEPUTY CHAIRMAN
The DEPUTYCHAIRMAN; The DEPUTY CHAIRMAN
The FAC; NA
The kindest Mr BAUME; Mr BAUME
the Leader of the Opposition\, Mr SPEAKER; Mr SPEAKER
The Mr CADMAN; Mr CADMAN
the Mr DEPUTY SPEAKER; Mr DEPUTY SPEAKER
The Mr GREGORY; Mr GREGORY
The Mr HUGHES; Mr HUGHES
The Mr LANGTRY; Mr LANGTRY
the Mr STALEY; Mr STALEY
The Prinie Mr CHARLTON; Mr CHARLTON
the ship Mr CLYDE CAMERON; Mr CLYDE CAMERON
the Sir WILLIAM MCMILLAN; Sir WILLIAM MCMILLAN
The TEMPOEAEY CHAIRMAN; The TEMPORARY CHAIRMAN
The TEMPOEAEYCHAIRMAN; The TEMPORARY CHAIRMAN
The TEMPORARY OHAIRMAN; The TEMPORARY CHAIRMAN
them to Mr CREAN; Mr CREAN
themselves Mr JOSEPH COOK; Mr JOSEPH COOK
there Mr HODGMAN; Mr HODGMAN
This is a Mr KELLY; Mr KELLY
this\, Mr SPEAKER; Mr SPEAKER
to be Mr HURFORD; Mr HURFORD
to dob him Mr DEPUTY SPEAKER; Mr DEPUTY SPEAKER
to en Mr SHORT; Mr SHORT
to meet the Mr LONSDALE; Mr LONSDALE
to Mr CLYDE CAMERON; Mr CLYDE CAMERON
to Mr CREAN; Mr CREAN
to Mr LES JOHNSON; Mr LES JOHNSON
to Mr RANKIN; Mr RANKIN
to overseas Dr PATTERSON; Dr PATTERSON
to teU Mr HODGMAN; Mr HODGMAN
to this Mr SYDNEY SMITH; Mr SYDNEY SMITH
to world bank Mr BAILLIEU; Mr BAILLIEU
trade Mr SPEAKER; Mr SPEAKER
Turnbull\, W\. G\. Mr ALLAN FRASER; Mr ALLAN FRASER
Utah Mr JAMES; Mr JAMES
Val Mr WENTWORTH; Mr WENTWORTH
we came to Mr DEPUTY SPEAKER; Mr DEPUTY SPEAKER
went Mr SPEAKER; Mr SPEAKER
What Mr ANSTEY; Mr ANSTEY
when Mr HOLT; Mr HOLT
which every Mr BAUME; Mr BAUME
with dire results\. Mr HODGMAN; Mr HODGMAN
With regard Mr SPEAKER; Mr SPEAKER
would Mr KING; Mr KING
wUl rise Mr MALCOLM FRASER; Mr MALCOLM FRASER
you know Mr BURCHELL; Mr BURCHELL
yourself\, Mr SPEAKER; Mr SPEAKER
Youth Mr LIONEL BOWEN; Mr LIONEL BOWEN
Mr DUGAL D THOMSON; Mr DUGALD THOMSON
Mr \'POYNTON; Mr POYNTON
M i \. AUSTIN CHAPMAN; Mr AUSTIN CHAPMAN
Mr AUSTIN \' CHAPMAN; Mr AUSTIN CHAPMAN
Mr SYDNEY SMiTH\.v; Mr SYDNEY SMITH
Mr JOSEP H COOK; Mr JOSEPH COOK
Sir\. JOHN FORREST; Sir JOHN FORREST
Mr BROWN\.\'; Mr BROWN
Mr M c LEAN; Mr MCLEAN
Mr \' WEBSTER; Mr WEBSTER
Sir WILLIAMLYNE; Sir WILLIAM LYNE
Mr DUGALD THOMSO N; Mr DUGALD THOMSON
\' Mr SPEAKER; Mr SPEAKER
\' Mr WEBSTER; Mr WEBSTER
a Mr WATSON; Mr WATSON
Mr BATCHELO R; Mr BATCHELOR
Mr RONA LD; Mr RONALD
Mr SPEAKE R; Mr SPEAKER
Sir WILLIAMLYNE; Sir WILLIAM LYNE
think I Mr SYDNEY SMITH; Mr SYDNEY SMITH
Very Mr SYDNEY SMITH; Mr SYDNEY SMITH
Sir. EDMUND BARTON; Sir EDMUND BARTON
- Mr SYDNEY\" SMITH; Mr SYDNEY SMITH
Mr L\. E\. GKOOM; Mr LE GROOM
Mr SYDNEY' SMITH; Mr SYDNEY SMITH
Mr SYDNEY" SMITH; Mr SYDNEY SMITH
Sir WILLIAM \. MCMILLAN; Sir WILLIAM MCMILLAN
Sir WILLIAMM c MILLAN; Sir WILLIAM MCMILLAN
Mr THOMSON\.*-; Mr THOMSON
Mr\.\'THOMSON; Mr THOMSON
Mr HUME COOK\.; Mr HUME COOK
Mr HENRY \"WILLIS; Mr HENRY WILLIS
Mr \. DEAKIN; Mr DEAKIN
Mr MCCA Y; Mr MCCAY
Mr DEAKrx; Mr DEAKIN
Sir EDMU ND BARTON; Sir EDMUND BARTON
Sir EDMUND BARTON\.; Sir EDMUND BARTON
Mx\ ISAACS; Mr ISAACS
Sir PHILIP PYS H; Sir PHILIP FYSH
Mr C l i OUCH; Mr CROUCH
Mr Oi-ouch\.; Mr CROUCH
Mr DEAKIN \.; Mr DEAKIN
Mr DEAKIN\.\'; Mr DEAKIN
Mr CONEOY:; Mr CONROY
Mr M c CAY; Mr MCCAY
Mr M c C AY; Mr MCCAY
Mr ISAACS \.; Mr ISAACS
BART ON; BARTON
\. Mr ISAACS; Mr ISAACS
1 Sir EDMUND BARTON; Sir EDMUND BARTON
agreed . Mr CROUCH; Mr CROUCH
honorable Mr HIGGINS; Mr HIGGINS
Mr BAMFOBD; Mr BAMFORD
Mr CHOUCH; Mr CROUCH
Mr CONBOY; Mr CONROY
Mr CONEOY; Mr CONROY 
Mr DEAKIH; Mr DEAKIN
Mr DEAKIJT; Mr DEAKIN
Mr GONHOY; Mr CONROY
Mr HENRYWILLIS; Mr HENRY WILLIS
Mr HIGGI NS; Mr HIGGINS
Mr PACE; Mr PAGE
Mr POYNTON; Mr POYXTON
Mr SVDNEY SMITH; Mr SYDNEY SMITH
Mr SYDNEY SMITQ; Mr SYDNEY SMITH
Mr TTJDOR; Mr TUDOR
Sir EDMUNDBARTON; Sir EDMUND BARTON
Sir JOHN FOB\,REST; Sir JOHN FORREST
Sir JOHN FOEKEST; Sir JOHN FORREST
Sir JOHNQUI CK; Sir JOHN QUICK
Sir PHILIP PYSH; Sir PHILIP FYSH
Sir PHILIPFYSH; Sir PHILIP FYSH
Sir PHILIPPYSH; Sir PHILIP FYSH
Sir WILLIAMMCMILLAN; Sir WILLIAM MCMILLAN
Sir WJLLIAM MCMILLAN; Sir WILLIAM MCMILLAN
to this Mr SYDNEY SMITH; Mr SYDNEY SMITH
Motion \(by Mr BABTOX\,\) proposed; Motion (by Mr BARTON) proposed
\, Mr O'MALLEY; Mr OMALLEY
Mi \. O \' MALLEY; Mr OMALLEY
Mi:\. WILKS; Mr WILKS
Mr CONKOY; Mr CONROY
Mr JOSEPH\. COOK; Mr JOSEPH COOK
Mr KIRAVAN; Mr KIRWAN
Mr O\'Malley-; Mr OMALLEY - 
Mr O\'MALLEY; Mr OMALLEY
Mr V \. L \. SOLOMON; Mr VL SOLOMON
Mr V \. L\. SOLOMON; Mr VL SOLOMON
Mr WILICS; Mr WILKS
not \'° Mr BARTON; Mr BARTON
Mr Connolly asked; Mr CONNOLLY asked
Mr Connolly asked; Mr CONNOLLY asked
Mr Costello asked; Mr COSTELLO asked
Mr MCArthur asked; Mr MCARTHUR asked
Mr Connolly asked; Mr CONNOLLY asked
Mr Connolly asked; Mr CONNOLLY asked
Mr Connolly asked; Mr CONNOLLY asked
Mr MCArthur asked; Mr MCARTHUR asked
Mr Costello asked; Mr COSTELLO asked
Mrs Gallus asked; Mrs GALLUS asked
Mr Cameron asked; Mr CAMERON asked
Mr Nugent asked; Mr NUGENT asked
Mr Nugent asked; Mr NUGENT asked
Mr Nugent asked; Mr NUGENT asked
Mr Evans asked; Mr EVANS asked
Mr Prosser asked; Mr PROSSER asked
Mr Prosser asked; Mr PROSSER asked
Mr Connolly asked; Mr CONNOLLY asked
Mrs Gallus asked; Mrs GALLUS asked
Mrs Gallus asked; Mrs GALLUS asked
Mr Ruddock asked; Mr RUDDOCK asked
Mrs Gallus asked; Mrs GALLUS asked
Mr MCArthur asked; Mr MCARTHUR asked
MrBeddall-; MrBEDDALL-
Mr LEO MCLEAY\. -; Mr LEO MCLEAY -
Mr Spea-er; Mr Speaker
Dr Hewson-; Dr HEWSON -
Mr Melham-; Mr MELHAM -
Mr Beazley-; Mr BEAZLEY -
Dr Hewson-; Dr HEWSON -
Dr Hewson-; Dr HEWSON -
Mr Keating-; Mr KEATING -
Mr Somlyay-; Mr SOMLYAY -
Mr Gear-; Mr GEAR -
Dr Hewson-; Dr HEWSON -
Mr Cadman-; Mr CADMAN -
Mr Filing-; Mr FILING -
Mr Lloyd-; Mr LLOYD -
Mr Reid-; Mr REID -
Mr Cobb-; Mr COBB -
Mr Kerr-; Mr KERR -
Mr Slipper-; Mr SLIPPER -
Mr Speaker-; Mr SPEAKER -
Mr Speaker-; Mr SPEAKER -
Mr Griffiths-; Mr GRIFFITHS -
Mr Keating-; Mr KEATING -
Mrs Kelly-; Mrs KELLY -
Mr Lavarch-; Mr LAVARCH -
Mr Howe-; Mr HOWE -
Mr Beazley-; Mr BEAZLEY -
Mrs Kelly-; Mrs KELLY -
Mr Howe-; Mr HOWE -
Mr Griffiths-; Mr GRIFFITHS -
Mr Lavarch-; Mr LAVARCH -
Mr Beazley-; Mr BEAZLEY -
Mr Brereton-; Mr BRERETON -
Mr Griffiths-; Mr GRIFFITHS -
Mr Walker-; Mr WALKER -
Mr Keating-; Mr KEATING -
Mrs Kelly-; Mrs KELLY -
Mrs Kelly-; Mrs KELLY -
Mr Beazley-; Mr BEAZLEY -
Mr Beazley-; Mr BEAZLEY -
\. Mr BRAITHWAITE; Mr BRAITHWAITE
Mr HA WKE; Mr HAWKE
Mr Hodgman-; Mr HODGMAN -
Mr Hodgman-; Mr HODGMAN -
Mr White-; Mr WHITE -
Mr Hunt-; Mr HUNT -
Mr Peacock-; Mr PEACOCK -
Mr Howard-; Mr HOWARD -
Mr N\. A\. Brown-; Mr NA BROWN -
Mr N\. A\. BrowD-; Mr NA BROWN -
Mr N\. A\. BrowD-; Mr NA BROWN -
Mr N\. A\. Brown-; Mr NA BROWN -
Mr Peacock-; Mr PEACOCK -
Mr Young-; Mr YOUNG -
Mr N\. A\. BROWN; Mr NA BROWN
Mr O\'KEEFE; Mr OKEEFE
Mr N\. A\. BROWN; Mr NA BROWN
MrDONALDCAMERON; Mr DONALD CAMERON
Mr RUDDOCK \'(Dundas)-; Mr RUDDOCK (
Mr N\.· A\. Brown; Mr NA BROWN 
\. Mr SPEAKER; Mr SPEAKER
Mr HA WKE; Mr HAWKE
Mr O\'NEIL; Mr ONEIL
MrCHYNOWETH; Mr CHYNOWETH
Mr Mountford-; Mr MOUNTFORD
Mr Hawke-; Mr HAWKE -
Mr O\'KEEFE-; Mr OKEEFE -
Mr Shipton-; Mr SHIPTON -
Mr Howard- ; Mr HOWARD -
Mr Peacock-; Mr PEACOCK -
Mr Lusher-; Mr LUSHER -
Mr Morrison-; Mr MORRISON -
Mr Hodgman-; Mr HODGMAN -
MrDEPUTY; Mr DEPUTY
Mr Tuckey-; Mr TUCKEY -
Mr Howard-; Mr HOWARD -
Mr Campbell-; Mr CAMPBELL -
Mr Coleman-; Mr COLEMAN -
Mr Scott-; Mr SCOTT -
Mr Hunt-; Mr HUNT -
Mr Spender-; Mr SPENDER -
Mr Duffy-; Mr DUFFY -
Mr Cohen-; Mr COHEN -
Mr ANTHON Y; Mr ANTHONY
Mr HO WARD; Mr HOWARD
Mr M i l l a r -; Mr MILLAR -
MrBaillieu-; Mr BAILLIEU -
Mr Hurford-; Mr HURFORD -
Mr Willis-; Mr WILLIS -
Mr Graham-; Mr GRAHAM -
Mr Holding-; Mr HOLDING -
Mr Calder-; Mr CALDER -
Mr Viner-; Mr VINER -
Mr Giles\)-; Mr GILES) -
Mr Scholes-; Mr SCHOLES -
Mr Baillieu-; Mr BAILLIEU -
Mr Yates-; Mr YATES -
Mr Baume-; Mr BAUME -
Mr Chapman-; Mr CHAPMAN -
Mr Staley-; Mr STALEY -
Mr Goodluck-; Mr GOODLUCK -
Mr Les MCMahon-; Mr LES MCMAHON -
Mr Roger Johnston-; Mr ROGER JOHNSTON -
Mr Les Johnson-; Mr LES JOHNSON -
Mr Lionel Bowen-; Mr LIONEL BOWEN -
Mr Deputy Speaker-; Mr DEPUTY SPEAKER -
Mr Cope-; Mr COPE -
Mr Reynolds-; Mr REYNOLDS -
Mr Hayden-; Mr HAYDEN -
Mr Duthie-; Mr DUTHIE -
Mr Grassby-; Mr GRASSBY -
Mr Giles-; Mr GILES -
Mr Barnes-; Mr BARNES -
Mr Kevin Caims-; Mr KEVIN CAIRNS -
Mr Howson-; Mr HOWSON -
Mr MCMahon-; Mr MCMAHON -
Mr Wentworth-; Mr WENTWORTH -
Mr Les Johnson asked; Mr LES JOHNSON asked
Mr Stewart asked; Mr STEWART asked
Mr Morrison asked; Mr MORRISON asked
Mr WHITLA M; Mr WHITLAM
MTHAMER; Mr HAMMER
Mr Collard-;  Mr COLLARD -
Mr Foster-; Mr FOSTER -
Mr FitzPATRICK-; Mr FITZPATRICK -
Mr Whitlam-; Mr WHITLAM -
Mr Maicoim Fraser-; Mr MALCOLM FRASER -
Mr Malcolm Fraser-; Mr MALCOLM FRASER -
Mr HALLETT; Mr HALLEIT
Mr MAISKY; Mr MAISEY
Mr Uren-; Mr UREN -
Mr BRIDGES-MAXWELL; Mr BRIDGESMAXWELL
Mr James-; Mr JAMES -
Mr Hansen-; Mr HANSEN -
Mr Anthony-; Mr ANTHONY -
Mr Clyde Cameron-; Mr CLYDE CAMERON -
Mr Oyde Cameron-; Mr CLYDE CAMERON -
Mr Currin-; Mr CURRIN -
Mr Bryant-; Mr BRYANT -
Mr Birrell-; Mr BIRRELL -
Mr Pettitt-; Mr PETTITT -
Mr Barnard-; Mr BARNARD -
Mr Sinclair-; Mr SINCLAIR -
Mr Freeth-; Mr FREETH -
Mr Bur\)\'-; Mr BURR -
Mr Swartz-; Mr SWARTZ -
Mr Hulme-; Mr HULME -
Mr Whitlam asked lhe; Mr WHITLAM asked the
Mr Cross asked the; Mr CROSS asked the
Mr Minogue asked the; Mr MINOGUE asked the
Dr Kveriiighiim asked the; Dr EVERINGHAM asked the
Dr J\. F\. CAIRNS; Dr JF CAIRNS
Dr J\. F\. Cairns; Dr JF CAIRNS
Mr Barnes -; Mr BARNES -
Mr Bury -; Mr BURY -
Mr Calwell asked the; Mr CALWELL asked the
Mr Clyde Cameron asked the; Mr CLYDE CAMERON asked the
Mr Daly asked the; Mr DALY asked the
Mr Fairbairn -; Mr FAIRBAIN -
Mr Fairhall -; Mr FAIRHALL -
Mr Fox -; Mr FOX -
Mr Gibson -; Mr GIBSON -
Mr Hansen asked the; Mr HANSEN asked the
Mr Harold Holt -; Mr HAROLD HOLT -
Mr Hayden asked the; Mr HAYDEN asked the
Mr J\. R\. FRASER; Mr JR FRASER
Mr L \. R\. Johnson asked the; Mr LR Johnson asked the
Mr Luchetti asked the; Mr LUCHETTI asked the
Mr Nixon -; Mr NIXON -
Mr Reynolds asked the; Mr REYNOLDS asked the
Mr Svrartz -; Mr SWARTZ -
Mr Swartz -; Mr SWARTZ -
Mr Whitlam asked the; Mr WHITLAM asked the
Sir Robert Menzies -; Sir ROBERT MENZIES -
Sir-Robert Menzies -; Sir ROBERT MENZIES -
\' Mr DEUMMOND; Mr DRUMMOND
Mr BEANO; Mr BRAND
Mr BIKD; Mr BIRD
Mr CALWEL L; Mr CALWELL
Mr CLYDE CAMEBON; Mr CLYDE CAMERON
Mr CTJBTTN; Mr CURTIN
Mr CUBTTN; Mr CURTIN
Mr EE ALE; Mr BEALE
Mr FAIEHALL; Mr FAIRHALL
Mr HAYXEN; Mr HAYLEN
Mr OALWELL; Mr CALWELL
Mr OSBOBNB; Mr OSBORNE
Mr OSUOKNK; Mr OSBORNE
Mr PEAKCE; Mr PEARCE
Mr POLI; Mr POLLARD
Mr TUBWBUIX; Mr TURNBULL
Mr TUBNBULL; Mr TURNBULL
Mr WENTWOKTH; Mr WENTWORTH
Sir ARTHUR FADWEN; Sir ARTHUR FADDEN
Sir ARTHURFADDEN; Sir ARTHUR FADDEN
Sir EBIC HABBISON; Sir ERIC HARRISON
Sir EBIC HARRISON; Sir ERIC HARRISON
Mr E. JAMES HARRISON; Mr EJAMES HARRISON
Mr E. W. HOLT; Mr EW HOLT
Mr M c EWEN; Mr MCEWEN
Mr M c MAHON; Mr MCMAHON
Mr CALWELI\,; Mr CALWELL
Mr CALWKI\.I\.; Mr CALWELL
Mr TTJBNBUXI\.; Mr TURNBULL
Mr £\. JAMES HARRISON; Mr JAMES HARRISON
Mr TTjTltira-rjLL; Mr TURNBULL
Mr POLI-ABD; Mr POLLARD
Mr PorxAuD; Mr POLLARD
The TEMPORARYCHAIRMAN; The TEMPORARY CHAIRMAN
Sir ARTHU R FADDEN; Sir ARTHUR FADDEN
Tie TEMPORARY CHAIRMAN; The TEMPORARY CHAIRMAN
\( THE TEMPORARY CHAIRMAN; The TEMPORARY CHAIRMAN
ARTHTJB FADDEN; ARTHUR FADDEN
Mr E\. JAMES HARRISON; Mr EJAMES HARRINSON
Mr ACTING DEPUTY SPEAKER; Mr ACTING DEPUTYSPEAKER -
Mr ACTING DEPUTY SPEAKER\.; Mr ACTING DEPUTYSPEAKER -
\' Mr MENZIKS; Mr MENZIES
is now Mr KENT HUGHES; Mr KENT HUGHES
Mr BBYSON; Mr BRYSON
Mr DAXY; Mr DALY
Mr EADDEN; Mr FADDEN
Mr MCBEIDE; Mr MCBRIDE
Mr POLLABD; Mr POLLARD 
Mr TOM BUBKE; Mr TOM BURKE
Mr WAKD; Mr WARD
- Mr TOM BURKE; Mr TOM BURKE
Mr SPENDER,; Mr SPENDER
NOES\. Dr EVATT; Dr EVATT
Mr Eooiifs; Mr EGGINS
Mr CALWELL\'; Mr CALWELL
Mr MCBKIDE; Mr MCBRIDE
Mr MCBBIDE; Mr MCBRIDE
Mr MoBRIDE; Mr MCBRIDE
Mr M c BRIDE; Mr MCBRIDE
Mr M o BEIDE; Mr MCBRIDE
Mr M o BRIDE; Mr MCBRIDE
Sir EABLE PAGE; Sir EARLE PAGE
Sir EAELE PAGE; Sir EARLE PAGE
Mr MoEWEN; Mr MCEWEN
Tbe CHAIRMAN; The CHAIRMAN
The OHAIBMAiN\'; The CHAIRMAN
The CHAIEMAN\"; The CHAIRMAN
Mr MoCOLM; Mr MCCOLM
Mr WABD; Mr WARD
Mr FADD.EN; Mr FADDEN
Mr EOSEVEAR; Mr ROSEVEAR
Mr TTfRNBTIXL; Mr TURNBULL
Mr ROSEVEAB; Mr ROSEVEAR
Mr SPENDEE; Mr SPENDER
TOM BUEKE; TOM BURKE
Mr SPENDEE\,; Mr SPENDER,
Mr WHEI\'XEH; Mr WHEELER
Mr TURNBUXL; Mr TURNBULL
Mr TtiBNBUi/i\.; Mr TURNBULL
Mr HAWOETH; Mr HAWORTH
Mr MOEGAN; Mr MORGAN
Mr CAT\.WE\.LT,; Mr CALWELL
Mr CKAMEB; Mr CRAMER
Mr DEPUTY\' SPEAKER; Mr DEPUTY SPEAKER
Mr BEAI35; Mr BEALE
Mr \'CALWELL; Mr CALWELL
Mr \.CALWELL; Mr CALWELL
MT\. EIORDAN; Mr RIORDAN
Mr M c LEOD; Mr MCLEOD
Mr HUTCHINSON\^; Mr HUTCHINSON
OHIFLEY; CHIFLEY
HAJRKISON; HARRISON
Mr GEORGE LAWSON\"; Mr GEORGE LAWSON
Mr GEORGE LAWS ON; Mr GEORGE LAWSON
Mr \.BOWDEN; Mr BOWDEN
Afr\. GEOEGE LAWSON; Mr GEORGE LAWSON
The TEMPOEAEY CHAIEMAN; The TEMPORARY CHAIRMAN -
Mr O\'CONNOR \(West Sydney\) [5\.21]\.; Mr OCONNOR - 
Mr O\'CONNOR; Mr OCONNOR
Mr O\'CONNOR,; Mr OCONNOR
Air\. O\'CONNOR; Mr OCONNOR
The TEMPORARY CHAIRMAN; The TEMPORARY CHAIRMAN -
Mr O\'CONNOR,; Mr OCONNOR 
The TEMPORARY CHAIRMAN -; The TEMPORARY CHAIRMAN -
Mr\. TUHNBU-LL; Mr TURNBULL
Mr ERASER; Mr FRASER
Mr CHIFLEY\.:; Mr CHIFLEY
Mr BCISLCY; Mr BEASLEY
CIIIFLEY; CHIFLEY
Mi-\. WARD \(East Sydney-Ministe r; Mr WARD
Mi\\ BURKE \(Perth\) [5\.22]\.; Mr BURKE
Dr\. GAHA; Dr GAHA
Dr\. GAHA \(Denison\) [3\.41]; Dr GAHA
Mi-\. SPEAKER \(Hon\. J\. S\. Rosevear\)\.; Mr SPEAKER
Mr FADDEN\"; Mr FADDEN
\' Mr HARBISON\"; Mr HARBISON
Mr B LACKBURN J; Mr BLACKBURN
Mr E \. GREEN; Mr E GREEN
M i \\ I t \. GREEN; Mr R GREEN
Mr ROSEVEAB\, \(Dalley\) [10\.40] -; Mr ROSEVEAR
Mr E\. J\. HABKISON; MR EJ HARRISON
Mr A\. GBEEN; Mr A GREEN
Mr BLACKBURN\"; Mr BLACKBURN
Mr \.BLACKBURN; Mr BLACKBURN
ARCHIECAMERON; ARCHIE CAMERON
Parliament Mr ARCHIECAMERON; Mr ARCHIE CAMERON
Mr \"WHITE; Mr WHITE 
Mr E\. J\. HARRISON\"; Mr EF HARRISON
Mr E\. J\.\. HARRISON; Mr EF HARRISON
Mr A\. GREEN; Mr A GREEN
Mr ROSEVEAR\,; Mr ROSEVEAR
Mr LYONS:-; Mr LYONS
Mi-\. WATSON; Mr WATSON
Mr R\. GREEN; Mr R GREEN 
Mr R \. GREEN; Mr R GREEN
Mr HOI\.LOWAT; Mr HOLLOWAY
Sir LITTLETON GROOM\.; Sir LITTLETON GROOM
The CHAIRMAN \( Mr Bell\); The CHAIRMAN
Mr BE AS LEV; Mr BEASLEY
The CHAIRMAN\"; The CHAIRMAN
Dr\. MALONEY \(Melbourne\) [8\.35]; Dr MALONEY
Mr BILE v; Mr RILEY
Mr LATHAM\.; Mr LATHAM
Mr AROHDAI\.E PARKHJXI\,; Mr ARCHDALE PARKHILL
Air\. LATHAM; Mr LATHAM
Mr FOB\.DE; Mr FORDE
Mr BEASLEY\. \(West Sydney\); Mr BEASLEY
Mr E\. F \. ILVRUJSON; Mr EF HARRISON
Mr E \. F \. HARKISOX; Mr EF HARRISON
Mr ROSEVEAR "\(Dalley\) [10\.46]; Mr ROSEVEAR
Mr HUGHES\.r; Mr HUGHES
Mr c BURCHELL; Mr C BURCHELL
Mr J\. H \. CATTS; Mr JH CATTS
Mr J \. H \. CATTS; Mr JH CATTS
Mr W \. ELLIOT JOHNSON; Mr W ELLIOTJOHNSON
MT \. THOMAS; Mr THOMAS
Mr JOH N THOMSON; Mr JOHN THOMSON
The CHAIRMAN \"; The CHAIRMAN
Mr JOHN\" THOMSON; Mr JOHN THOMSON
Mr ATKINSON\"; Mr ATKINSON
- Mr WEST; Mr WEST
Dr\. MALONEY; Dr MALONEY
- Mr THOMAS; Mr THOMAS
MAUGE R; MAUGER
\' Mr REID; Mr REID
AUSTINCHAPMAN; AUSTIN CHAPMAN
WILLIAMLYNE; WILLIAMLYNE
Colonel F\.OXTON; Colonel FOXTON
Mi-\. JOSEPH COOK; Mr JOSEPH COOK
Mr \"MAHON; Mr MCMAHON
Mr \.KINGSTON; Mr KINGSTON
Mr \.WEBSTER; Mr WEBSTER
Mr A MCLEAN\"; Mr A MCLEAN
Mr A\. MCLEAN; Mr A MCLEAN
Mr F\. E\. M c BEAN \(Lang\); Mr FE MCLEAN
Mr F\. E\. M c LEAN \(Lang\); Mr FE MCLEAN
Mr F\. E\. M c LEAN; Mr FE MCLEAN
Mr F\. E\. MCLEAN; Mr FE MCLEAN
Mr HUME COOK\,; Mr HUME COOK
Mr JOSEPH COO'K; Mr JOSEPH COOK
Mr JOSEPH COOK\"; Mr JOSEPH COOK
Mr KIN G OMALLEY; Mr KING OMALLEY
Mr KING O ' MALLEY; Mr KING OMALLEY
Mr KINGO ' MALLEY; Mr KING OMALLEY
Mr LE GROOM'; Mr LE GROOM
Mr P\. E\. MCLEAN; Mr FE MCLEAN
Mr W\. H \. IRVINE; Mr WH IRVINE
Sir EDWARD BRADDON\"; Sir EDWARD BRADDON
Sir EDWARDBRADDON \(Tasmania\)\.; Sir EDWARD BRADDON
Sir G EORGE TURNER; Sir GEORGE TURNER
Sir GEORGE TURN ER \(Balaclava; Sir GEORGE TURNER
Sir GEORGE\. TURNER; Sir GEORGE TURNER
Sir JOHN FORREST'; Sir JOHN FORREST
Sir JOHN P'ORREST; Sir JOHN FORREST
Sir WILLIA M LYNE \(Hume; Sir WILLIAM LYNE
Sir WILLIA M LYNE; Sir WILLIAM LYNE
Sir WILLIAM \! MCMILLAN; Sir WILLIAM MCMILLIAN
\. Mr BARTON; Mr BARTON
Mr SYDNEYSMITH; Mr SYDNEY SMITH
Mr R\. EDWARDS; Mr R EDWARDS
Mr DEAKIN \"; Mr DEAKIN
Mr G\. B\. EDWARDS; Mr GB EDWARDS
Mr KI NGST ON; Mr KINGSTON
Mr M o CAY; Mr MCCAY 
Mr \"WATSON; Mr WATSON
Sir MALCOLMM c EACHARN; Sir MALCOLM MCEACHARN
Mr WATSON\"; Mr WATSON
Mr KINGSTON\"; Mr KINGSTON
Mt\. THOMSON; Mr THOMSON
Mr WATSO N; Mr WATSON
Sir JOHNQUICK; Sir JOHN QUICK
SirGEORGE TURNER; Sir GEORGE TURNER
Mr CONROY \'\(Werriwa\); Mr CONROY (Werriwa)
Mr P\. E\. M c LEAN; Mr PE MCLEAN
\. Mr M c DONALD; Mr MCDONALD
Mr G\. B\. EDWARDS \(South Sydney\)\.; Mr GB EDWARDS (South Sydney)
Mr MACDONALD-PATERSON; Mr MACDONALDPATERSON
Mr M c DONA LD; Mr MCDONALD
Mr M c DONALD; Mr MCDONALD
Mr L \. E\. GROOM; Mr LE GROOM
Mr W\. H \. GKOOM; Mr WH GROOM
Mr W\. H \. GROOM; Mr WH GROOM
Mr W \. H \. GROOM; Mr WH GROOM
Mr HlGOlNS; Mr HIGGINS
Mr KLNT\.STON; Mr KINGSTON
Mr HIGGIXS; Mr HIGGINS
Mr SPExVKER; Mr SPEAKER
\. Mr A\. MCLEAN; Mr A MCLEAN
Mr TUD OR; Mr TUDOR
- Sir WILLIAM \, MCMILLAN; Sir WILLIAM MCMILLAN
Mr \.\.DJ3A\.KI5T -T-; Mr DEAKIN
Mr\.JPIESSE; Mr PIESSE
M c WILLIAMS; MCWILLIAMS
GBEENE; GREENE
Mr PISHER; Mr FISHER
Mr FLNXAYSON; Mr FINLAYSON
Mr ORCHAR D; Mr ORCHARD
Mr PISHES; Mr FISHER
\. Sir W 1 LLIAMLYNE; Sir WILLIAM LYNE
A n HONORABLE MEMBER; An HONOURABLE MEMBER
An HONORABLE MEMBER; An HONOURABLE MEMBER
HONOHABLE MEMBERS; HONOURABLE MEMBERS
I A n HONORABLE MEMBER; An HONOURABLE MEMBER
M T\. SYDNEYSMITH; Mr SYDNEY SMITH
M\.r\. RONALD; Mr RONALD
Mf\. SALMO N; Mr SALMON
Mi\'\. PAGE; Mr PAGE
Mr A \. MCLEAN; Mr A MCLEAN
Mr BATCHELOB; Mr BATCHELOR
Mr BATCHELOR\.; Mr BATCHELOR
Mr CROUC H; Mr CROUCH
Mr E\. SOLOMON; Mr ELIAS SOLOMON
Mr FOWLER\.; Mr FOWLER
Mr H UME COOK; Mr HUME COOK
Mr HIGGIN S; Mr HIGGINS
Mr HIGGINS,-; Mr HIGGINS -
Mr O \' MALLEY; Mr OMALLEY
Mr O\'MALLE Y; Mr OMALLEY
Mr POYNTO N; Mr POYNTON
Mr SALMO N; Mr SOLMON
Mr SYDN EY SMITH; Mr SYDNEY SMITH
ShW ILLIAMLYNE; Sir WILLIAM LYNE
ShW ILLIAMMCMILLAN; Sir WILLIAM MCMILLIAN
ShWILLIAM LYNE; Sir WILLIAM LYNE
Sir \"WILLIAM LVNE; Sir WILLIAM LYNE
Sir AAiLLiAM MCMILLAN; Sir WILLIAM MCMILLIAN
Sir AVILLI AM MCMILLAN; Sir WILLIAM MCMILLIAN
Sir WILLIAM \' MCMILLAN; Sir WILLIAM MCMILLIAN
Sir WILLIAM MCMILLAN\.\"; Sir WILLIAM MCMILLIAN
Sir WILLIAMMCMILLAN \(AA\'enfc; Sir WILLIAM MCMILLIAN
Sir WILT\.IA\.M LYNE; Sir WILLIAM LYNE
Sir\. WILLIAM MCMILLAN; Sir WILLIAM MCMILLIAN
Mi-\. BATCHELOR; Mr BATCHELOR
Mi-\. OMALLEY; Mr OMALLEY
Mr -\.SYDNEY S MITH; Mr SYDNEY SMITH